source_value,mapped_value,source_system,effective_date,added_by,added_on
North America,North America,A,2021-01-01,Analytics,2026-01-05
N. America,North America,A,2021-01-01,Analytics,2026-01-05
NA,North America,A,2021-01-01,Analytics,2026-01-05
Europe,Europe,A,2021-01-01,Analytics,2026-01-05
EU,Europe,A,2021-01-01,Analytics,2026-01-05
EMEA-Europe,Europe,A,2021-01-01,Analytics,2026-01-05
Asia Pacific,Asia Pacific,A,2021-01-01,Analytics,2026-01-05
APAC,Asia Pacific,A,2021-01-01,Analytics,2026-01-05
Asia-Pacific,Asia Pacific,A,2021-01-01,Analytics,2026-01-05
Latin America,Latin America,A,2021-01-01,Analytics,2026-01-05
LATAM,Latin America,A,2021-01-01,Analytics,2026-01-05
Latin Am.,Latin America,A,2021-01-01,Analytics,2026-01-05
Middle East & Africa,Middle East & Africa,A,2021-01-01,Analytics,2026-01-05
MEA,Middle East & Africa,A,2021-01-01,Analytics,2026-01-05
ME&A,Middle East & Africa,A,2021-01-01,Analytics,2026-01-05
