cedant_id,cedant_code,cedant_name,country,cedant_type,rating
1,C165,Harbor Indemnity,USA,Insurer,A
2,C162,Harbor Mutual,Canada,Insurer,BBB+
3,C141,Granite Insurance,Singapore,Insurer,A+
4,C157,Sterling Insurance,India,Insurer,A-
5,C153,Vantage Assurance,Germany,Insurer,A+
6,C154,Orion Assurance,Mexico,Captive,A-
7,C102,Summit Indemnity,Australia,Insurer,A+
8,C135,Sterling Indemnity,Spain,Insurer,BBB+
9,C103,Northwind Mutual,India,Insurer,A-
10,C147,Evergreen General,USA,Insurer,A+
11,C112,Crown Mutual,Canada,Insurer,A-
12,C105,Atlas Indemnity,Canada,Insurer,A-
13,C170,Meridian General,USA,Insurer,A+
14,C164,Vantage General,USA,Insurer,A+
15,C126,Summit Insurance,France,Insurer,A+
16,C115,Cobalt Indemnity,Mexico,Insurer,A
17,C122,Pioneer General,Germany,Insurer,A-
18,C150,Cobalt General,Canada,Captive,A
19,C129,Atlas Mutual,France,Insurer,A
20,C132,Pioneer Insurance,Germany,Insurer,A
21,C145,Harbor Insurance,Canada,Mutual,BBB
22,C167,Evergreen Assurance,Canada,Insurer,BBB+
23,C119,Atlas Assurance,Mexico,Captive,A-
24,C127,Cobalt Insurance,South Africa,Insurer,BBB+
25,C166,Harbor General,Canada,Insurer,A
26,C134,Summit General,Canada,Insurer,A+
27,C144,Northwind Insurance,Canada,Mutual,A
28,C113,Sterling Mutual,UK,Insurer,A-
29,C130,Cobalt Mutual,Italy,Insurer,A+
30,C133,Northwind General,India,Mutual,BBB+
31,C121,Evergreen Mutual,Brazil,Mutual,A-
32,C123,Orion General,Canada,Insurer,A+
33,C125,Granite Indemnity,Germany,Insurer,BBB
34,C109,Crown General,USA,Insurer,A
35,C111,Granite Assurance,Australia,Insurer,BBB+
36,C136,Crown Insurance,China,Captive,A
37,C118,Meridian Insurance,Japan,Insurer,A
38,C131,Pioneer Indemnity,Chile,Mutual,A+
39,C158,Atlas Insurance,China,Insurer,A
40,C148,Meridian Assurance,Spain,Insurer,A
41,C169,Evergreen Insurance,USA,Insurer,A
42,C137,Meridian Indemnity,Germany,Insurer,BBB
43,C161,Orion Insurance,Singapore,Mutual,A+
44,C101,Granite General,China,Insurer,A
45,C143,Northwind Indemnity,USA,Mutual,A
46,C138,Northwind Assurance,Canada,Insurer,BBB
47,C146,Cobalt Assurance,France,Insurer,A
48,C104,Lumen Indemnity,Singapore,Insurer,A+
49,C116,Vantage Indemnity,Canada,Captive,BBB
50,C159,Orion Mutual,Spain,Insurer,A-
51,C110,Meridian Mutual,Canada,Insurer,BBB+
52,C139,Lumen Assurance,Brazil,Mutual,BBB+
53,C114,Evergreen Indemnity,Canada,Insurer,A
54,C128,Lumen Insurance,USA,Insurer,BBB
55,C124,Pioneer Mutual,Germany,Insurer,A+
56,C160,Orion Indemnity,Brazil,Insurer,A
57,C106,Granite Mutual,UK,Insurer,A-
58,C152,Lumen Mutual,South Africa,Captive,A+
59,C156,Crown Indemnity,China,Insurer,BBB+
60,C155,Summit Mutual,South Africa,Mutual,A-
61,C149,Sterling General,Australia,Mutual,A-
62,C142,Atlas General,Japan,Captive,A
63,C117,Vantage Mutual,India,Insurer,BBB
64,C151,Harbor Assurance,USA,Insurer,A-
65,C108,Pioneer Assurance,Spain,Insurer,BBB+
66,C168,Sterling Assurance,Chile,Insurer,A
67,C120,Summit Assurance,Mexico,Insurer,A
68,C163,Lumen General,Canada,Insurer,BBB
69,C107,Vantage Insurance,Switzerland,Insurer,A+
