treaty_id,cedant_id,lob_id,region_id,underwriter_id,treaty_type,underwriting_year,inception_date,expiry_date,currency,share_pct,limit_usd,retention_usd,est_annual_premium_usd,dq_flag
T0362,1,5,5,9,Excess of Loss,2026,2026-08-19,2027-08-18,USD,100.0,4500000.0,410000.0,717143.41,unassigned_underwriter
T0530,2,3,5,2,Proportional,2026,2026-06-04,2027-06-03,USD,15.0,2000000.0,390000.0,345477.97,
T0620,3,4,1,6,Proportional,2026,2026-06-17,2027-06-16,USD,25.0,12000000.0,2110000.0,1100638.68,
T0067,4,4,1,5,Proportional,2023,2023-10-27,2024-10-26,INR,20.0,39900000.0,3309999.9999599997,4185599.103,
T0380,5,4,2,1,Excess of Loss,2021,2021-03-21,2022-03-20,EUR,100.0,22099999.9968,2870000.0028000004,2037303.5112,
T0038,3,4,1,6,Excess of Loss,2025,2025-02-03,2026-02-02,USD,100.0,8800000.0,1320000.0,1178208.84,
T0243,6,5,5,7,Excess of Loss,2025,2025-12-06,2026-12-05,USD,100.0,26100000.0,2260000.0,3718954.39,
T0359,7,1,1,7,Proportional,2024,2024-05-23,2025-05-22,USD,50.0,6400000.0,840000.0,653438.97,
T0697,8,3,2,7,Proportional,2026,2026-06-17,2027-06-16,EUR,15.0,8100000.000000001,450000.0036,1265785.2828,
T0085,9,2,1,1,Excess of Loss,2025,2025-11-28,2026-11-27,INR,100.0,16599999.99996,1820000.0000399998,2585858.63208,
T0313,10,1,5,8,Proportional,2026,2026-06-26,2027-06-25,USD,50.0,15000000.0,1990000.0,2658918.1,
T0682,11,1,5,1,Excess of Loss,2022,2022-03-26,2023-03-25,USD,100.0,6800000.0,470000.0,985501.74,
T0410,11,2,5,8,Excess of Loss,2021,2021-10-29,2022-10-28,USD,100.0,38200000.0,6660000.0,3430911.19,
T0463,12,4,5,3,Facultative,2025,2025-07-07,2026-07-06,USD,100.0,48900000.0,8830000.0,3747022.43,
T0354,13,1,5,7,Excess of Loss,2022,2022-04-13,2023-04-12,USD,100.0,31400000.0,3450000.0,3401751.16,
T0565,14,1,5,8,Proportional,2025,2025-04-27,2026-04-26,USD,50.0,10000000.0,1420000.0,879598.77,
T0274,15,5,2,7,Excess of Loss,2023,2023-01-23,2024-01-22,EUR,100.0,7799999.9976,1360000.0008,660710.736,
T0118,14,4,5,2,Excess of Loss,2024,2024-03-19,2025-03-18,USD,100.0,37800000.0,5820000.0,3563649.14,
T0486,16,1,5,5,Excess of Loss,2024,2024-04-11,2025-04-10,USD,100.0,4700000.0,740000.0,811463.93,
T0506,17,3,2,8,Proportional,2021,2021-01-19,2022-01-18,EUR,25.0,6599999.998800001,489999.99600000004,517392.11160000006,
T0132,18,4,5,6,Excess of Loss,2025,2025-07-28,2026-07-27,USD,100.0,2600000.0,270000.0,273403.48,
T0370,19,4,2,2,Excess of Loss,2024,2024-10-03,2025-10-02,EUR,100.0,24099999.9948,4819999.9968,1914163.6068000002,
T0574,20,1,2,7,Proportional,2023,2023-08-13,2024-08-12,EUR,20.0,5400000.0,300000.00240000006,896508.1188,
T0349,21,2,5,2,Proportional,2021,2021-08-19,2022-08-18,USD,30.0,18400000.0,1820000.0,2729214.72,
T0122,22,4,5,8,Excess of Loss,2024,2024-07-26,2025-07-25,USD,100.0,17800000.0,2230000.0,2039202.2,
T0072,12,4,5,1,Excess of Loss,2024,2024-06-22,2025-06-21,USD,100.0,3400000.0,260000.0,492959.79,
T0024,23,5,5,1,Excess of Loss,2025,2025-06-11,2026-06-10,USD,100.0,9300000.0,800000.0,1759533.41,
T0194,20,4,2,7,Proportional,2025,2025-10-21,2026-10-20,EUR,15.0,12700000.0008,1270000.0044,977551.2108000001,
T0491,24,5,4,7,Excess of Loss,2024,2024-07-03,2025-07-02,USD,100.0,10900000.0,1690000.0,1326996.31,
T0276,25,2,5,6,Proportional,2024,2024-09-15,2025-09-14,USD,40.0,34200000.0,2790000.0,4693145.85,
T0237,26,2,5,1,Proportional,2024,2024-05-30,2025-05-29,USD,15.0,29200000.0,1650000.0,2385754.43,
T0327,9,2,1,7,Proportional,2025,2025-01-25,2026-01-24,INR,30.0,8300000.000039999,1629999.9999600002,714993.3438,
T0124,16,1,5,4,Facultative,2025,2025-03-23,2026-03-22,USD,100.0,40300000.0,3950000.0,2909329.05,
T0546,27,4,5,6,Facultative,2025,2025-02-15,2026-02-14,USD,100.0,16300000.0,3170000.0,1493814.66,
T0473,28,4,2,2,Excess of Loss,2024,2024-04-06,2025-04-05,GBP,100.0,13500000.0002,2129999.9945,1695235.1414,
T0607,29,2,2,9,Excess of Loss,2025,2025-07-03,2026-07-02,EUR,100.0,21999999.999600004,2460000.0024,3073991.4612000003,unassigned_underwriter
T0311,30,4,1,7,Excess of Loss,2024,2024-11-26,2025-11-25,INR,100.0,17100000.0,1890000.0,1992639.1644,
T0197,21,2,5,6,Proportional,2021,2021-09-03,2022-09-02,USD,30.0,4900000.0,360000.0,544022.12,
T0149,31,1,3,4,Excess of Loss,2022,2022-10-07,2023-10-06,USD,100.0,11100000.0,2170000.0,896968.42,
T0545,15,1,2,7,Proportional,2021,2021-03-19,2022-03-18,EUR,25.0,73200000.00240001,5960000.0016,6963707.646000001,
T0561,16,4,5,3,Proportional,2022,2022-09-18,2023-09-17,USD,25.0,5800000.0,1150000.0,975290.23,
T0109,32,4,5,2,Excess of Loss,2022,2022-04-23,2023-04-22,USD,100.0,10800000.0,1730000.0,1265134.86,
T0073,33,1,2,2,Proportional,2021,2021-02-19,2022-02-18,EUR,50.0,66700000.0008,4409999.9964000005,9736290.396,
T0382,20,1,2,5,Proportional,2024,2024-08-19,2025-08-18,EUR,40.0,4900000.0032,899999.9964000001,905223.5892,
T0643,17,4,2,8,Excess of Loss,2025,2025-02-27,2026-02-26,EUR,100.0,15700000.0032,2890000.0044000004,2218041.7272,
T0680,13,4,5,3,Excess of Loss,2022,2022-06-21,2023-06-20,USD,100.0,23700000.0,3950000.0,1975597.94,
T0249,34,5,5,1,Excess of Loss,2024,2024-11-05,2025-11-04,USD,100.0,39900000.0,3500000.0,3034535.93,
T0645,29,4,2,8,Excess of Loss,2023,2023-02-17,2024-02-16,EUR,100.0,9200000.001600001,1510000.002,817877.5956,
T0150,35,1,1,4,Proportional,2022,2022-03-24,2023-03-23,USD,40.0,54600000.0,3210000.0,4082542.1,
T0637,36,5,1,2,Facultative,2025,2025-02-03,2026-02-02,USD,100.0,2800000.0,300000.0,217145.72,
T0698,10,3,5,8,Proportional,2022,2022-03-14,2023-03-13,USD,20.0,3600000.0,670000.0,459685.97,
T0452,37,3,1,4,Proportional,2026,2026-03-28,2027-03-27,USD,25.0,4800000.0,660000.0,748911.49,
T0689,28,2,2,3,Excess of Loss,2022,2022-06-24,2023-06-23,GBP,100.0,63500000.0,11320000.0041,5805995.6778,
T0663,29,1,2,2,Excess of Loss,2024,2024-08-25,2025-08-24,EUR,100.0,53299999.998,4520000.0052000005,4363235.9748,
T0696,38,1,3,1,Excess of Loss,2024,2024-06-21,2025-06-20,USD,100.0,12000000.0,2180000.0,2340839.57,
T0407,28,1,2,3,Excess of Loss,2025,2025-09-28,2026-09-27,GBP,100.0,32700000.005,5899999.9983,2626525.4175,
T0515,29,5,2,5,Proportional,2026,2026-05-12,2027-05-11,EUR,40.0,12700000.0008,1999999.9980000001,979861.0716000001,
T0599,39,1,1,1,Proportional,2024,2024-11-05,2025-11-04,USD,10.0,1900000.0,260000.0,220932.91,
T0578,28,5,2,5,Excess of Loss,2026,2026-08-15,2027-08-14,GBP,100.0,5799999.9951,599999.9938,935582.0887000001,
T0300,22,5,5,9,Facultative,2024,2024-11-24,2025-11-23,USD,100.0,37300000.0,2560000.0,3881581.02,unassigned_underwriter
T0385,11,2,5,2,Proportional,2024,2024-12-23,2025-12-22,USD,30.0,43300000.0,5450000.0,4543842.05,
T0513,12,2,5,1,Proportional,2024,2024-09-11,2025-09-10,USD,25.0,28100000.0,4850000.0,2480083.45,
T0484,40,4,2,5,Excess of Loss,2024,2024-01-10,2025-01-09,EUR,100.0,30999999.996000003,4159999.9980000006,4176902.7216000003,
T0121,26,2,5,8,Proportional,2023,2023-08-03,2024-08-02,USD,15.0,16600000.0,910000.0,3318988.84,
T0004,30,4,1,6,Proportional,2026,2026-03-13,2027-03-12,INR,20.0,22899999.999959998,4580000.00004,1770576.65808,
T0133,30,2,1,1,Excess of Loss,2025,2025-03-05,2026-03-04,INR,100.0,3699999.9999599997,699999.99996,444363.65291999996,
T0268,22,5,5,5,Proportional,2023,2023-03-11,2024-03-10,USD,25.0,5200000.0,280000.0,744676.94,
T0105,41,1,5,3,Proportional,2023,2023-08-22,2024-08-21,USD,50.0,20200000.0,1570000.0,1714776.77,
T0053,21,4,5,7,Proportional,2026,2026-08-13,2027-08-12,USD,20.0,6900000.0,1300000.0,1126386.79,
T0345,19,3,2,7,Proportional,2022,2022-11-15,2023-11-14,EUR,40.0,4200000.001200001,830000.0016000001,739919.4372,
T0640,20,5,2,7,Proportional,2025,2025-03-10,2026-03-09,EUR,30.0,105699999.99960001,8660000.001600001,7931892.3516,
T0587,17,2,2,9,Facultative,2023,2023-10-27,2024-10-26,EUR,100.0,10300000.0032,690000.0012,1030049.2008000001,unassigned_underwriter
T0283,29,1,2,3,Excess of Loss,2022,2022-02-22,2023-02-21,EUR,100.0,167400000.0,22050000.003600005,15720608.142,
T0434,42,4,2,3,Excess of Loss,2022,2022-12-28,2023-12-27,EUR,100.0,14699999.9988,1530000.0036,1349236.9368,
T0558,10,1,5,1,Proportional,2021,2021-01-14,2022-01-13,USD,20.0,7800000.0,1040000.0,1205829.07,
T0328,34,1,5,7,Proportional,2024,2024-06-08,2025-06-07,USD,15.0,4300000.0,320000.0,709663.93,
T0348,43,4,1,4,Proportional,2024,2024-02-08,2025-02-07,USD,25.0,4000000.0,330000.0,642076.43,
T0343,32,4,5,4,Excess of Loss,2024,2024-04-01,2025-03-31,USD,100.0,10300000.0,550000.0,1423189.6,
T0046,5,2,2,6,Facultative,2026,2026-01-26,2027-01-25,EUR,100.0,3099999.9996,200000.0052,544456.6632000001,
T0579,1,2,5,2,Proportional,2025,2025-11-07,2026-11-06,USD,30.0,10700000.0,1320000.0,979466.76,
T0043,40,2,2,1,Excess of Loss,2023,2023-12-23,2024-12-22,EUR,100.0,19500000.0048,2340000.0036,1910042.5860000001,
T0142,17,1,2,3,Proportional,2023,2023-04-21,2024-04-20,EUR,40.0,9299999.9988,939999.9996000001,731651.346,
T0029,32,5,5,4,Excess of Loss,2025,2025-02-26,2026-02-25,USD,100.0,11300000.0,2090000.0,1214804.91,
T0559,22,4,5,6,Excess of Loss,2025,2025-06-29,2026-06-28,USD,100.0,32900000.0,4640000.0,3931360.27,
T0213,44,4,1,5,Facultative,2026,2026-03-23,2027-03-22,USD,100.0,4700000.0,460000.0,796741.14,
T0248,10,5,5,8,Proportional,2026,2026-05-16,2027-05-15,USD,50.0,27400000.0,5180000.0,2427699.54,
T0036,6,5,5,5,Proportional,2022,2022-07-07,2023-07-06,USD,20.0,13800000.0,2190000.0,2626059.25,
T0090,6,5,5,1,Proportional,2025,2025-08-16,2026-08-15,USD,10.0,28800000.0,4770000.0,4088871.28,
T0383,2,3,5,3,Proportional,2022,2022-03-21,2023-03-20,USD,15.0,20400000.0,1510000.0,2829838.84,
T0369,23,6,5,3,Proportional,2024,2024-02-11,2025-02-10,USD,25.0,22100000.0,3360000.0,2151036.08,unmapped_lob
T0451,16,5,5,8,Proportional,2022,2022-09-18,2023-09-17,USD,10.0,2700000.0,250000.0,288447.41,
T0008,45,4,5,1,Proportional,2025,2025-08-11,2026-08-10,USD,20.0,2000000.0,290000.0,295289.89,
T0524,39,1,1,2,Proportional,2025,2025-04-26,2026-04-25,USD,10.0,9900000.0,1080000.0,1079659.87,
T0152,28,4,2,7,Excess of Loss,2026,2026-07-05,2027-07-04,GBP,100.0,56299999.9982,10820000.000799999,4231078.1139,
T0041,22,4,5,1,Proportional,2022,2022-12-01,2023-11-30,USD,50.0,16900000.0,2160000.0,1834796.0,
T0669,34,4,5,6,Proportional,2022,2022-02-10,2023-02-09,USD,50.0,10400000.0,1680000.0,1290103.2,
T0360,12,2,5,3,Facultative,2024,2024-05-31,2025-05-30,USD,100.0,12900000.0,1750000.0,1350551.76,
T0679,32,4,5,3,Proportional,2026,2026-05-18,2027-05-17,USD,25.0,7900000.0,470000.0,865019.38,
T0310,31,4,3,7,Proportional,2025,2025-10-14,2026-10-13,USD,25.0,19000000.0,970000.0,1926766.08,
T0519,8,4,2,8,Proportional,2024,2024-02-14,2025-02-13,EUR,15.0,4699999.998,830000.0016000001,372252.66120000003,
T0034,1,4,5,1,Excess of Loss,2022,2022-10-25,2023-10-24,USD,100.0,2500000.0,130000.0,353306.63,
T0667,38,5,3,4,Excess of Loss,2026,2026-05-02,2027-05-01,USD,100.0,5000000.0,560000.0,835587.85,
T0547,33,1,2,4,Proportional,2023,2023-12-17,2024-12-16,EUR,25.0,4399999.9956,310000.0032,499574.9844,
T0425,12,1,5,3,Proportional,2022,2022-03-25,2023-03-24,USD,30.0,10800000.0,1130000.0,1353057.42,
T0350,9,1,1,8,Proportional,2024,2024-04-08,2025-04-07,INR,25.0,9000000.0,1790000.0000399998,1791557.8786799998,
T0440,22,5,5,6,Excess of Loss,2024,2024-01-24,2025-01-23,USD,100.0,14000000.0,840000.0,1299145.89,
T0589,20,4,2,8,Excess of Loss,2025,2025-04-17,2026-04-16,EUR,100.0,9399999.996,580000.0032,713463.876,
T0332,5,1,2,4,Excess of Loss,2021,2021-02-24,2022-02-23,EUR,100.0,10599999.994800001,1469999.9988000002,1366285.4280000003,
T0100,46,3,5,8,Excess of Loss,2021,2021-09-17,2022-09-16,USD,100.0,36900000.0,4070000.0,2646695.09,
T0553,44,2,1,6,Proportional,2025,2025-03-21,2026-03-20,USD,20.0,41400000.0,6200000.0,4534046.39,
T0609,22,4,5,3,Proportional,2022,2022-11-10,2023-11-09,USD,30.0,6900000.0,1350000.0,690298.15,
T0439,2,3,5,3,Facultative,2025,2025-10-08,2026-10-07,USD,100.0,23800000.0,4390000.0,3098604.94,
T0455,43,4,1,3,Excess of Loss,2023,2023-10-18,2024-10-17,USD,100.0,10300000.0,1780000.0,1334992.66,
T0536,18,3,5,7,Excess of Loss,2025,2025-08-08,2026-08-07,USD,100.0,16500000.0,1860000.0,2187552.79,
T0225,5,5,2,2,Excess of Loss,2024,2024-03-12,2025-03-11,EUR,100.0,3300000.0048,519999.99840000004,492328.53,
T0458,21,5,5,1,Proportional,2021,2021-01-17,2022-01-16,USD,50.0,6500000.0,560000.0,1011274.09,
T0339,5,4,2,5,Proportional,2023,2023-10-08,2024-10-07,EUR,30.0,4100000.004,399999.99960000004,477049.7052,
T0611,10,5,5,4,Excess of Loss,2023,2023-04-03,2024-04-02,USD,100.0,2200000.0,310000.0,282289.69,
T0656,34,4,5,4,Facultative,2022,2022-06-30,2023-06-29,USD,100.0,12900000.0,1490000.0,1258742.76,
T0420,47,4,2,5,Facultative,2023,2023-06-17,2024-06-16,EUR,100.0,10899999.997200001,1370000.0016,1406348.73,
T0022,9,3,1,6,Facultative,2024,2024-11-14,2025-11-13,INR,100.0,15000000.0,2550000.0,1719241.14456,
T0220,5,1,2,5,Excess of Loss,2025,2025-05-19,2026-05-18,EUR,100.0,4799999.995200001,310000.0032,446457.2796,
T0179,44,1,1,8,Proportional,2024,2024-10-11,2025-10-10,USD,40.0,28100000.0,2750000.0,2878407.44,
T0494,28,5,2,1,Proportional,2025,2025-10-04,2026-10-03,GBP,10.0,8699999.999,710000.0024,891727.5536000001,
T0223,45,4,5,1,Excess of Loss,2022,2022-03-23,2023-03-22,USD,100.0,12300000.0,1620000.0,1036878.85,
T0437,48,3,1,1,Excess of Loss,2021,2021-10-31,2022-10-30,USD,100.0,11000000.0,1570000.0,1259593.86,
T0361,21,1,6,1,Proportional,2021,2021-03-20,2022-03-19,USD,40.0,5900000.0,570000.0,669663.41,unassigned_region
T0464,34,2,5,3,Proportional,2022,2022-06-03,2023-06-02,USD,20.0,31000000.0,2870000.0,5968654.19,
T0665,49,2,5,6,Excess of Loss,2023,2023-10-18,2024-10-17,USD,100.0,11600000.0,590000.0,1189224.43,
T0502,30,1,1,6,Facultative,2023,2023-11-05,2024-11-04,INR,100.0,2300000.00004,129999.99996,294089.34888,
T0135,50,1,2,3,Excess of Loss,2026,2026-03-03,2027-03-02,EUR,100.0,8000000.002800001,460000.00440000003,850720.4820000001,
T0424,44,2,1,2,Excess of Loss,2024,2024-01-06,2025-01-05,USD,100.0,31800000.0,3760000.0,4181068.95,
T0144,36,1,1,6,Proportional,2022,2022-05-05,2023-05-04,USD,10.0,23500000.0,2140000.0,3178280.47,
T0453,7,6,1,5,Excess of Loss,2021,2021-07-08,2022-07-07,USD,100.0,60300000.0,10230000.0,10870249.68,unmapped_lob
T0164,20,3,2,1,Facultative,2024,2024-03-26,2025-03-25,EUR,100.0,8999999.9964,1650000.0024,1416008.0448000003,
T0323,51,5,5,7,Excess of Loss,2023,2023-05-08,2024-05-07,USD,100.0,10100000.0,510000.0,1045470.35,
T0366,3,4,6,3,Excess of Loss,2024,2024-08-09,2025-08-08,USD,100.0,16600000.0,3020000.0,2929309.95,unassigned_region
T0483,10,1,5,5,Excess of Loss,2025,2025-02-20,2026-02-19,USD,100.0,2400000.0,330000.0,458354.83,
T0286,29,5,2,5,Excess of Loss,2022,2022-05-19,2023-05-18,EUR,100.0,17700000.0012,1800000.0036,3079866.1752,
T0481,52,5,3,8,Excess of Loss,2022,2022-09-01,2023-08-31,USD,100.0,6800000.0,970000.0,1053048.26,
T0588,47,4,2,1,Facultative,2022,2022-01-03,2023-01-02,EUR,100.0,18699999.9948,3499999.9992000004,2428208.9604,
T0130,37,1,1,2,Excess of Loss,2023,2023-03-31,2024-03-30,USD,100.0,12700000.0,2400000.0,955039.49,
T0635,20,5,2,7,Facultative,2024,2024-12-20,2025-12-19,EUR,100.0,10800000.0,1439999.9964,884006.5572,
T0603,4,1,1,7,Excess of Loss,2025,2025-01-01,2025-12-31,INR,100.0,16899999.999959998,2840000.00004,1769698.79436,
T0209,1,5,5,8,Excess of Loss,2025,2025-11-14,2026-11-13,USD,100.0,7500000.0,410000.0,825945.95,
T0259,5,1,2,2,Proportional,2025,2025-03-04,2026-03-03,EUR,40.0,67100000.00040001,8229999.999600001,7548836.850000001,
T0294,20,2,2,3,Excess of Loss,2026,2026-07-02,2027-07-01,EUR,100.0,78600000.00240001,7649999.9964000005,5656449.4668000005,
T0054,40,1,2,2,Facultative,2024,2024-08-27,2025-08-26,EUR,100.0,16500000.0024,919999.998,2041557.5880000002,
T0428,45,1,5,2,Proportional,2025,2025-04-18,2026-04-17,USD,50.0,24100000.0,2920000.0,2249868.34,
T0139,15,2,2,8,Excess of Loss,2021,2021-07-19,2022-07-18,EUR,100.0,4299999.9984,300000.00240000006,544537.1016,
T0251,47,1,2,6,Proportional,2022,2022-11-10,2023-11-09,EUR,50.0,29499999.9948,5830000.002,2214177.7248000004,
T0167,3,3,1,1,Facultative,2023,2023-07-24,2024-07-23,USD,100.0,20400000.0,2850000.0,2791132.95,
T0367,32,1,5,4,Excess of Loss,2023,2023-01-03,2024-01-02,USD,100.0,11500000.0,1960000.0,1845215.64,
T0511,43,4,1,8,Proportional,2021,2021-04-21,2022-04-20,USD,10.0,38500000.0,4300000.0,4013920.68,
T0284,33,2,2,7,Excess of Loss,2024,2024-08-11,2025-08-10,EUR,100.0,139600000.0008,7819999.9992,15122971.436400002,
T0555,24,3,4,7,Excess of Loss,2025,2025-11-07,2026-11-06,USD,100.0,6000000.0,970000.0,518472.95,
T0391,9,4,1,5,Excess of Loss,2025,2025-07-02,2026-07-01,INR,100.0,3999999.9999599997,740000.0000400001,508894.65468000004,
T0156,6,4,5,3,Excess of Loss,2023,2023-12-27,2024-12-26,USD,100.0,18800000.0,2370000.0,3219157.81,
T0605,52,1,3,3,Proportional,2026,2026-01-07,2027-01-06,USD,25.0,7000000.0,1080000.0,1383279.69,
T0177,23,3,5,4,Excess of Loss,2022,2022-02-13,2023-02-12,USD,100.0,3500000.0,500000.0,509627.15,
T0433,2,1,5,8,Proportional,2024,2024-06-07,2025-06-06,USD,50.0,8000000.0,900000.0,604763.46,
T0337,21,1,5,5,Excess of Loss,2022,2022-08-24,2023-08-23,USD,100.0,2300000.0,210000.0,215279.84,
T0344,23,4,5,1,Excess of Loss,2025,2025-09-14,2026-09-13,USD,100.0,19800000.0,1890000.0,1676601.59,
T0051,7,4,1,4,Excess of Loss,2026,2026-01-01,2026-12-31,USD,100.0,18300000.0,3160000.0,2124685.81,
T0537,53,4,5,1,Facultative,2026,2026-05-04,2027-05-03,USD,100.0,6800000.0,1000000.0,951887.29,
T0613,23,3,5,5,Proportional,2025,2025-10-01,2026-09-30,USD,30.0,7900000.0,610000.0,836673.35,
T0231,43,1,1,8,Proportional,2021,2021-01-14,2022-01-13,USD,25.0,25100000.0,3990000.0,2667314.91,
T0542,27,5,5,5,Proportional,2021,2021-01-29,2022-01-28,USD,10.0,6500000.0,1140000.0,884565.88,
T0449,30,2,1,5,Proportional,2026,2026-03-07,2027-03-06,INR,50.0,40800000.0,2310000.0,2925825.83796,
T0200,54,5,5,2,Excess of Loss,2025,2025-07-30,2026-07-29,USD,100.0,62800000.0,6240000.0,11313303.13,
T0641,44,2,1,4,Proportional,2022,2022-06-13,2023-06-12,USD,50.0,6100000.0,700000.0,712896.68,
T0289,35,5,1,7,Facultative,2024,2024-12-04,2025-12-03,USD,100.0,19100000.0,1510000.0,1808356.51,
T0610,3,4,1,5,Proportional,2022,2022-06-15,2023-06-14,USD,50.0,40700000.0,6220000.0,6444020.75,
T0320,6,3,5,7,Excess of Loss,2026,2026-04-25,2027-04-24,USD,100.0,5100000.0,480000.0,742454.79,
T0514,24,5,6,1,Facultative,2021,2021-01-06,2022-01-05,USD,100.0,8900000.0,1150000.0,1134283.48,unassigned_region
T0569,22,1,5,8,Proportional,2023,2023-03-16,2024-03-15,USD,10.0,40500000.0,4630000.0,3031854.62,
T0694,11,5,5,2,Excess of Loss,2025,2025-01-07,2026-01-06,USD,100.0,36000000.0,2530000.0,2958650.19,
T0198,2,4,6,4,Excess of Loss,2025,2025-08-08,2026-08-07,USD,100.0,9100000.0,1330000.0,1241449.89,unassigned_region
T0554,55,5,2,5,Excess of Loss,2022,2022-02-17,2023-02-16,EUR,100.0,1299999.996,79999.99560000001,200000.0052,
T0517,47,2,2,4,Proportional,2024,2024-01-14,2025-01-13,EUR,20.0,5499999.9972,649999.998,406264.3776,
T0069,43,2,1,8,Excess of Loss,2025,2025-06-15,2026-06-14,USD,100.0,3900000.0,680000.0,510411.7,
T0204,23,4,5,7,Proportional,2025,2025-03-18,2026-03-17,USD,15.0,17400000.0,2590000.0,1412913.68,
T0639,2,5,5,4,Proportional,2024,2024-07-15,2025-07-14,USD,40.0,22400000.0,4240000.0,1897949.9,
T0418,35,1,1,3,Facultative,2021,2021-05-16,2022-05-15,USD,100.0,5400000.0,640000.0,793310.37,
T0127,45,1,5,3,Excess of Loss,2023,2023-11-05,2024-11-04,USD,100.0,60600000.0,8020000.0,4651121.37,
T0446,39,4,1,2,Excess of Loss,2025,2025-10-24,2026-10-23,USD,100.0,12100000.0,970000.0,1059239.11,
T0566,40,4,2,8,Facultative,2022,2022-10-08,2023-10-07,EUR,100.0,24300000.0,2559999.9996,1998015.0228000002,
T0154,22,3,5,4,Proportional,2025,2025-08-27,2026-08-26,USD,50.0,12400000.0,1090000.0,1262302.96,
T0188,13,1,6,4,Excess of Loss,2025,2025-08-30,2026-08-29,USD,100.0,4800000.0,400000.0,356833.6,unassigned_region
T0141,56,1,3,4,Proportional,2024,2024-06-12,2025-06-11,USD,30.0,22500000.0,1740000.0,4256647.39,
T0229,54,4,5,1,Proportional,2022,2022-01-01,2022-12-31,USD,40.0,7200000.0,510000.0,545523.01,
T0422,41,4,5,8,Excess of Loss,2022,2022-06-11,2023-06-10,USD,100.0,39700000.0,7440000.0,5475155.81,
T0166,35,5,1,1,Proportional,2025,2025-11-14,2026-11-13,USD,25.0,2000000.0,320000.0,374127.32,
T0482,16,1,5,7,Facultative,2023,2023-05-18,2024-05-17,USD,100.0,19700000.0,3600000.0,1818062.53,
T0683,7,1,1,8,Excess of Loss,2025,2025-06-20,2026-06-19,USD,100.0,5500000.0,710000.0,1092292.63,
T0254,44,3,1,5,Proportional,2023,2023-06-21,2024-06-20,USD,40.0,15500000.0,1500000.0,1315235.02,
T0618,20,5,2,5,Excess of Loss,2023,2023-11-08,2024-11-07,EUR,100.0,4100000.004,629999.9964,613904.6916,
T0108,45,3,5,5,Excess of Loss,2022,2022-02-14,2023-02-13,USD,100.0,31600000.0,5470000.0,3519468.99,
T0469,34,5,5,6,Excess of Loss,2024,2024-03-05,2025-03-04,USD,100.0,3200000.0,570000.0,301053.87,
T0282,16,4,5,3,Facultative,2022,2022-06-14,2023-06-13,USD,100.0,17700000.0,1050000.0,1456075.82,
T0571,43,4,1,2,Excess of Loss,2023,2023-09-22,2024-09-21,USD,100.0,3200000.0,620000.0,437946.41,
T0195,30,4,1,8,Proportional,2024,2024-04-03,2025-04-02,INR,30.0,27200000.000040002,4550000.00004,2157246.9492,
T0700,42,4,2,4,Excess of Loss,2025,2025-06-06,2026-06-05,EUR,100.0,5199999.9947999995,629999.9964,446143.89600000007,
T0233,1,2,5,9,Excess of Loss,2024,2024-12-05,2025-12-04,USD,100.0,12400000.0,1270000.0,2471010.73,unassigned_underwriter
T0629,25,5,5,4,Excess of Loss,2024,2024-05-23,2025-05-22,USD,100.0,5300000.0,1010000.0,492712.5,
T0526,33,3,2,4,Excess of Loss,2024,2024-11-04,2025-11-03,EUR,100.0,15199999.995600002,1689999.9948000002,1270214.1144,
T0052,26,4,5,8,Proportional,2026,2026-06-15,2027-06-14,USD,20.0,9300000.0,760000.0,764285.02,
T0659,15,4,2,2,Excess of Loss,2022,2022-12-10,2023-12-09,EUR,100.0,6599999.998800001,560000.0016000001,482254.70040000003,
T0076,19,1,2,7,Facultative,2023,2023-11-12,2024-11-11,EUR,100.0,19900000.0044,2689999.9992000004,1483287.4440000001,
T0485,15,2,2,5,Facultative,2025,2025-07-03,2026-07-02,EUR,100.0,80900000.0028,11859999.9984,5812171.2108000005,
T0318,40,4,2,1,Excess of Loss,2025,2025-04-24,2026-04-23,EUR,100.0,38900000.001600005,6879999.999600001,4820186.2644,
T0577,50,4,2,1,Proportional,2025,2025-08-05,2026-08-04,EUR,15.0,45299999.9952,3530000.0016,6676247.1348,
T0673,20,1,2,2,Excess of Loss,2024,2024-01-09,2025-01-08,EUR,100.0,14900000.004000003,2200000.0032,1637719.1388000003,
T0591,13,5,5,4,Excess of Loss,2023,2023-01-14,2024-01-13,USD,100.0,13700000.0,2130000.0,1109977.28,
T0580,20,5,2,9,Excess of Loss,2026,2026-02-28,2027-02-27,EUR,100.0,25400000.0016,3449999.9952000002,2070237.2364000003,unassigned_underwriter
T0013,34,4,5,3,Proportional,2025,2025-10-27,2026-10-26,USD,10.0,7200000.0,1250000.0,1097638.24,
T0459,32,5,5,7,Excess of Loss,2025,2025-04-19,2026-04-18,USD,100.0,9800000.0,1000000.0,702486.11,
T0505,10,4,5,8,Excess of Loss,2023,2023-07-04,2024-07-03,USD,100.0,81100000.0,15280000.0,8489133.62,
T0406,57,5,2,4,Proportional,2025,2025-05-08,2026-05-07,GBP,10.0,12100000.0062,2000000.0004999998,1161585.3578,
T0371,32,1,5,6,Proportional,2022,2022-09-05,2023-09-04,USD,30.0,6500000.0,610000.0,679737.69,
T0112,39,4,1,3,Excess of Loss,2022,2022-12-01,2023-11-30,USD,100.0,4900000.0,540000.0,886328.7,
T0342,47,2,2,8,Proportional,2022,2022-02-06,2023-02-05,EUR,20.0,40000000.0032,7880000.004000001,2878198.3692000005,
T0050,42,1,2,8,Facultative,2023,2023-05-12,2024-05-11,EUR,100.0,13100000.000400001,1059999.9984000002,1407178.1916,
T0384,20,5,2,2,Proportional,2022,2022-12-23,2023-12-22,EUR,10.0,21999999.999600004,1630000.0008,2208532.9104,
T0467,8,4,2,3,Proportional,2022,2022-08-03,2023-08-02,EUR,10.0,15300000.003600001,2200000.0032,2997820.9404,
T0245,5,1,2,4,Proportional,2021,2021-10-17,2022-10-16,EUR,10.0,2600000.0028000004,389999.9988,274495.27320000005,
T0600,39,4,1,8,Excess of Loss,2024,2024-12-15,2025-12-14,USD,100.0,17300000.0,2070000.0,1601634.58,
T0470,20,2,6,8,Excess of Loss,2026,2026-01-01,2026-12-31,EUR,100.0,40800000.0024,4559999.9976,7084879.120800001,unassigned_region
T0180,42,1,2,9,Excess of Loss,2024,2024-10-03,2025-10-02,EUR,100.0,4600000.0008000005,659999.9988000001,878631.4512000001,unassigned_underwriter
T0596,33,3,2,7,Proportional,2025,2025-11-03,2026-11-02,EUR,15.0,14200000.002000002,1010000.0052,2043988.4844,
T0063,17,2,2,1,Proportional,2024,2024-06-13,2025-06-12,EUR,10.0,3300000.0048,489999.99600000004,376962.6384,
T0280,22,4,5,2,Proportional,2025,2025-01-29,2026-01-28,USD,20.0,9600000.0,1490000.0,715466.55,
T0631,41,2,5,2,Excess of Loss,2022,2022-09-10,2023-09-09,USD,100.0,2700000.0,320000.0,432206.23,
T0423,16,2,5,4,Excess of Loss,2025,2025-09-23,2026-09-22,USD,100.0,31200000.0,4400000.0,3844172.23,
T0057,33,4,2,3,Proportional,2025,2025-08-30,2026-08-29,EUR,50.0,2099999.9952000002,320000.004,342885.4632,
T0307,36,1,1,5,Excess of Loss,2025,2025-11-21,2026-11-20,USD,100.0,10400000.0,1270000.0,1406185.5,
T0301,56,1,3,4,Excess of Loss,2025,2025-05-23,2026-05-22,USD,100.0,1600000.0,140000.0,262359.25,
T0395,44,1,1,3,Excess of Loss,2025,2025-01-20,2026-01-19,USD,100.0,2600000.0,510000.0,231132.04,
T0374,40,4,2,2,Proportional,2025,2025-11-11,2026-11-10,EUR,30.0,10800000.0,1559999.9952,1007821.5696,
T0590,41,2,5,4,Proportional,2021,2021-05-11,2022-05-10,USD,10.0,24400000.0,2600000.0,1937000.83,
T0035,45,4,5,5,Facultative,2025,2025-12-29,2026-12-28,USD,100.0,12900000.0,2220000.0,1413693.57,
T0303,10,4,5,7,Excess of Loss,2024,2024-10-18,2025-10-17,USD,100.0,2800000.0,310000.0,370583.27,
T0171,58,2,4,5,Excess of Loss,2022,2022-08-30,2023-08-29,USD,100.0,3200000.0,440000.0,341491.51,
T0612,32,1,5,8,Excess of Loss,2022,2022-06-15,2023-06-14,USD,100.0,37800000.0,6380000.0,3012294.05,
T0125,52,1,3,1,Proportional,2024,2024-05-30,2025-05-29,USD,20.0,39200000.0,4580000.0,4918528.16,
T0619,52,4,3,1,Proportional,2022,2022-04-04,2023-04-03,USD,30.0,8200000.0,860000.0,1154482.88,
T0187,4,4,1,1,Excess of Loss,2025,2025-06-19,2026-06-18,INR,100.0,16599999.99996,2820000.0,1300249.61472,
T0445,27,1,6,3,Excess of Loss,2026,2026-05-07,2027-05-06,USD,100.0,11700000.0,1860000.0,1118266.92,unassigned_region
T0086,12,2,5,8,Facultative,2023,2023-10-16,2024-10-15,USD,100.0,11300000.0,2220000.0,1928761.05,
T0426,25,4,5,6,Proportional,2024,2024-02-06,2025-02-05,USD,25.0,5000000.0,490000.0,789008.06,
T0389,25,4,5,4,Excess of Loss,2026,2026-05-29,2027-05-28,USD,100.0,19200000.0,2200000.0,3498481.43,
T0534,45,5,5,2,Proportional,2024,2024-06-21,2025-06-20,USD,20.0,5400000.0,760000.0,851348.06,
T0557,8,5,2,1,Proportional,2025,2025-07-14,2026-07-13,EUR,10.0,6500000.0016,580000.0032,1075613.526,
T0116,4,5,1,3,Excess of Loss,2025,2025-01-14,2026-01-13,INR,100.0,12600000.0,1509999.99996,1295934.35736,
T0686,38,5,3,6,Excess of Loss,2025,2025-09-21,2026-09-20,USD,100.0,12900000.0,910000.0,1121914.84,
T0190,3,1,1,3,Excess of Loss,2023,2023-05-26,2024-05-25,USD,100.0,5900000.0,810000.0,726822.2,
T0117,6,4,5,5,Proportional,2022,2022-10-02,2023-10-01,USD,15.0,24100000.0,2320000.0,2153442.92,
T0262,8,2,2,2,Excess of Loss,2024,2024-06-04,2025-06-03,EUR,100.0,48399999.99480001,8670000.002400002,3683028.9276000005,
T0480,33,1,2,5,Excess of Loss,2023,2023-02-11,2024-02-10,EUR,100.0,8700000.0048,980000.0028000001,701826.7140000002,
T0058,16,5,5,2,Proportional,2025,2025-10-07,2026-10-06,USD,50.0,2300000.0,350000.0,219433.44,
T0653,27,4,5,1,Facultative,2021,2021-10-30,2022-10-29,USD,100.0,31100000.0,5270000.0,2400542.95,
T0317,18,3,5,5,Proportional,2021,2021-12-22,2022-12-21,USD,40.0,17800000.0,2160000.0,1814847.21,
T0654,2,4,5,2,Excess of Loss,2022,2022-09-03,2023-09-02,USD,100.0,7200000.0,1180000.0,859138.9,
T0687,53,1,5,4,Proportional,2022,2022-03-28,2023-03-27,USD,40.0,48800000.0,9650000.0,4439683.79,
T0397,30,4,6,6,Excess of Loss,2026,2026-07-05,2027-07-04,INR,100.0,17600000.000040002,1149999.99996,2104976.301,unassigned_region
T0355,38,1,3,5,Excess of Loss,2024,2024-11-19,2025-11-18,USD,100.0,17400000.0,1100000.0,2152165.49,
T0356,53,1,6,8,Facultative,2025,2025-06-18,2026-06-17,USD,100.0,29600000.0,3730000.0,2929610.59,unassigned_region
T0126,46,4,5,1,Excess of Loss,2023,2023-03-24,2024-03-23,USD,100.0,6100000.0,320000.0,811525.82,
T0461,10,2,5,2,Excess of Loss,2026,2026-08-26,2027-08-25,USD,100.0,17000000.0,1150000.0,1374826.83,
T0257,59,3,1,1,Excess of Loss,2025,2025-08-11,2026-08-10,USD,100.0,13500000.0,2130000.0,1543934.3,
T0504,22,1,5,8,Facultative,2021,2021-11-25,2022-11-24,USD,100.0,27000000.0,2460000.0,3493004.76,
T0676,10,1,5,4,Excess of Loss,2021,2021-11-07,2022-11-06,USD,100.0,13000000.0,1890000.0,1018736.08,
T0396,58,5,4,7,Proportional,2022,2022-06-11,2023-06-10,USD,20.0,18800000.0,1150000.0,2878145.37,
T0518,2,3,5,1,Proportional,2023,2023-01-10,2024-01-09,USD,15.0,47400000.0,9330000.0,4124246.46,
T0457,59,4,1,5,Excess of Loss,2022,2022-08-05,2023-08-04,USD,100.0,7200000.0,850000.0,868019.68,
T0357,30,5,1,7,Proportional,2022,2022-12-18,2023-12-17,INR,30.0,51600000.0,5030000.00004,4216354.3376400005,
T0297,13,6,5,4,Proportional,2026,2026-02-23,2027-02-22,USD,40.0,13100000.0,1320000.0,1839256.37,unmapped_lob
T0287,33,5,2,8,Proportional,2022,2022-03-02,2023-03-01,EUR,30.0,13199999.997600002,1479999.9996000002,1925747.4492000001,
T0677,26,4,5,3,Proportional,2023,2023-01-05,2024-01-04,USD,25.0,16800000.0,1800000.0,1208580.37,
T0048,5,4,2,8,Proportional,2026,2026-04-10,2027-04-09,EUR,10.0,8499999.9996,1000000.0044000001,1155872.5380000002,
T0158,16,6,5,8,Excess of Loss,2025,2025-04-23,2026-04-22,USD,100.0,6800000.0,1060000.0,576442.19,unmapped_lob
T0448,15,5,2,2,Excess of Loss,2024,2024-09-01,2025-08-31,EUR,100.0,8000000.002800001,799999.9992000001,832300.3476,
T0235,60,5,4,3,Excess of Loss,2022,2022-04-18,2023-04-17,USD,100.0,5000000.0,350000.0,834826.36,
T0556,16,4,5,7,Excess of Loss,2024,2024-11-07,2025-11-06,USD,100.0,6800000.0,540000.0,555324.86,
T0608,23,2,5,5,Proportional,2023,2023-08-20,2024-08-19,USD,30.0,8100000.0,1350000.0,992163.71,
T0219,6,4,5,6,Facultative,2022,2022-08-08,2023-08-07,USD,100.0,4100000.0,600000.0,359340.56,
T0331,44,4,1,8,Proportional,2023,2023-11-26,2024-11-25,USD,30.0,10900000.0,1760000.0,844470.05,
T0560,9,4,1,6,Excess of Loss,2024,2024-05-26,2025-05-25,INR,100.0,16400000.000040002,2520000.0,1496563.98384,
T0196,8,4,2,2,Excess of Loss,2022,2022-03-17,2023-03-16,EUR,100.0,1599999.9984000002,249999.99840000004,276145.81560000003,
T0091,16,1,5,2,Proportional,2024,2024-03-04,2025-03-03,USD,30.0,32400000.0,2140000.0,2821405.71,
T0163,61,4,1,3,Excess of Loss,2025,2025-03-03,2026-03-02,USD,100.0,38600000.0,6870000.0,3080380.96,
T0478,52,4,3,3,Proportional,2022,2022-11-04,2023-11-03,USD,30.0,6100000.0,650000.0,1147601.14,
T0296,16,4,5,7,Proportional,2022,2022-09-08,2023-09-07,USD,25.0,8800000.0,530000.0,985021.1,
T0509,62,3,1,7,Proportional,2022,2022-05-06,2023-05-05,USD,25.0,17700000.0,2720000.0,1291012.22,
T0675,61,5,1,1,Excess of Loss,2021,2021-08-14,2022-08-13,USD,100.0,14500000.0,2030000.0,1299450.85,
T0507,11,2,5,1,Proportional,2022,2022-05-19,2023-05-18,USD,10.0,15200000.0,1900000.0,1128882.09,
T0017,8,4,2,3,Excess of Loss,2022,2022-06-28,2023-06-27,EUR,100.0,7499999.995200001,789999.9984,693625.6908000001,
T0330,16,3,5,3,Excess of Loss,2024,2024-03-31,2025-03-30,USD,100.0,2400000.0,410000.0,367398.62,
T0157,43,5,1,5,Excess of Loss,2024,2024-06-11,2025-06-10,USD,100.0,3800000.0,560000.0,712863.89,
T0358,23,2,5,8,Proportional,2025,2025-11-30,2026-11-29,USD,20.0,24900000.0,2310000.0,2313408.55,
T0044,38,4,3,6,Proportional,2022,2022-03-13,2023-03-12,USD,10.0,14500000.0,1330000.0,2009112.84,
T0441,22,2,5,1,Excess of Loss,2026,2026-02-26,2027-02-25,USD,100.0,15100000.0,1870000.0,1278059.28,
T0417,42,4,2,8,Excess of Loss,2024,2024-06-06,2025-06-05,EUR,100.0,35199999.997200005,6039999.9972,5876179.7004,
T0499,8,3,2,5,Proportional,2022,2022-02-28,2023-02-27,EUR,40.0,7600000.0032,1469999.9988000002,760786.0308000001,
T0364,20,5,2,2,Excess of Loss,2023,2023-05-28,2024-05-27,EUR,100.0,16800000.004800003,1439999.9964,1754163.7776000001,
T0298,40,1,2,6,Proportional,2025,2025-05-31,2026-05-30,EUR,15.0,8800000.002,789999.9984,934340.346,
T0306,45,5,5,9,Excess of Loss,2026,2026-04-17,2027-04-16,USD,100.0,16200000.0,2580000.0,2086972.49,unassigned_underwriter
T0597,13,5,5,4,Excess of Loss,2026,2026-05-14,2027-05-13,USD,100.0,19500000.0,3880000.0,1632652.75,
T0146,42,4,2,1,Excess of Loss,2025,2025-12-04,2026-12-03,EUR,100.0,21600000.0,2080000.0044,1652535.2376,
T0652,63,5,1,2,Excess of Loss,2025,2025-01-30,2026-01-29,INR,100.0,28899999.999959998,2979999.99996,2487245.52084,
T0199,63,5,1,1,Proportional,2024,2024-09-16,2025-09-15,INR,25.0,8100000.0,1430000.00004,648810.79296,
T0573,53,3,5,6,Excess of Loss,2026,2026-08-09,2027-08-08,USD,100.0,32600000.0,2020000.0,3319403.76,
T0651,12,2,5,6,Excess of Loss,2025,2025-01-14,2026-01-13,USD,100.0,3900000.0,570000.0,383643.05,
T0290,10,1,5,5,Excess of Loss,2023,2023-02-22,2024-02-21,USD,100.0,12600000.0,1530000.0,976480.81,
T0442,48,4,6,3,Excess of Loss,2026,2026-03-25,2027-03-24,USD,100.0,28000000.0,4530000.0,3207010.36,unassigned_region
T0405,16,4,5,4,Excess of Loss,2023,2023-12-29,2024-12-28,USD,100.0,21500000.0,2390000.0,2654657.09,
T0427,41,5,5,1,Proportional,2025,2025-09-21,2026-09-20,USD,40.0,33400000.0,4520000.0,4212397.75,
T0099,13,5,5,6,Excess of Loss,2025,2025-10-30,2026-10-29,USD,100.0,5600000.0,620000.0,975972.31,
T0444,43,4,1,6,Excess of Loss,2025,2025-10-23,2026-10-22,USD,100.0,17900000.0,1200000.0,1955949.34,
T0552,11,2,5,3,Excess of Loss,2024,2024-09-13,2025-09-12,USD,100.0,9900000.0,1460000.0,755427.13,
T0304,53,4,5,1,Excess of Loss,2023,2023-08-24,2024-08-23,USD,100.0,6600000.0,1050000.0,1033107.91,
T0326,51,5,5,6,Facultative,2022,2022-10-23,2023-10-22,USD,100.0,6800000.0,530000.0,574169.48,
T0586,5,3,2,4,Proportional,2023,2023-11-24,2024-11-23,EUR,15.0,2499999.9948000005,320000.004,288717.5016,
T0278,26,1,5,7,Proportional,2022,2022-04-13,2023-04-12,USD,15.0,30400000.0,1790000.0,2190578.3,
T0421,27,2,5,8,Excess of Loss,2023,2023-01-12,2024-01-11,USD,100.0,11700000.0,1160000.0,1131231.75,
T0322,3,3,1,4,Excess of Loss,2023,2023-01-24,2024-01-23,USD,100.0,3400000.0,680000.0,347493.55,
T0140,17,1,2,8,Facultative,2021,2021-01-19,2022-01-18,EUR,100.0,21900000.002400003,3920000.0004000003,2295716.7636,
T0324,6,2,5,1,Excess of Loss,2023,2023-08-14,2024-08-13,USD,100.0,58800000.0,3460000.0,5562233.12,
T0128,47,3,2,1,Excess of Loss,2024,2024-02-24,2025-02-23,EUR,100.0,4399999.9956,249999.99840000004,566470.8864,
T0593,18,5,5,7,Proportional,2023,2023-04-11,2024-04-10,USD,20.0,38100000.0,6140000.0,3412676.76,
T0479,28,1,2,3,Excess of Loss,2025,2025-08-06,2026-08-05,GBP,100.0,4699999.998,590000.0011,525402.4036,
T0628,50,1,2,8,Facultative,2026,2026-07-08,2027-07-07,EUR,100.0,84300000.0048,15710000.004000003,8473558.7268,
T0387,25,4,5,6,Proportional,2023,2023-01-07,2024-01-06,USD,40.0,5900000.0,1030000.0,421047.31,
T0465,30,4,1,1,Proportional,2025,2025-03-22,2026-03-21,INR,30.0,9000000.0,1599999.99996,1219764.62028,
T0202,10,4,5,6,Excess of Loss,2026,2026-08-25,2027-08-24,USD,100.0,6200000.0,730000.0,889567.97,
T0347,15,1,2,3,Facultative,2024,2024-06-07,2025-06-06,EUR,100.0,10099999.998,830000.0016000001,932135.6016,
T0189,38,4,3,4,Excess of Loss,2024,2024-11-02,2025-11-01,USD,100.0,3400000.0,400000.0,602030.27,
T0568,30,4,1,7,Proportional,2025,2025-06-23,2026-06-22,INR,15.0,10700000.00004,810000.0,1422582.0546,
T0606,57,4,2,7,Proportional,2026,2026-03-16,2027-03-15,GBP,30.0,7899999.9988,740000.0059000001,612515.7168,
T0583,28,4,2,1,Excess of Loss,2026,2026-03-06,2027-03-05,GBP,100.0,8800000.0022,469999.9998,752447.4791,
T0129,44,1,1,3,Excess of Loss,2024,2024-05-08,2025-05-07,USD,100.0,7000000.0,980000.0,566910.67,
T0633,64,3,5,1,Excess of Loss,2025,2025-07-01,2026-06-30,USD,100.0,12700000.0,2440000.0,1219748.12,
T0123,13,4,5,2,Proportional,2022,2022-10-03,2023-10-02,USD,30.0,19400000.0,3470000.0,1391556.51,
T0010,35,4,1,7,Excess of Loss,2023,2023-08-12,2024-08-11,USD,100.0,16200000.0,1580000.0,1858151.27,
T0495,63,4,1,7,Excess of Loss,2025,2025-07-11,2026-07-10,INR,100.0,21200000.000040002,3260000.0000400003,3295890.67956,
T0165,17,1,2,5,Excess of Loss,2023,2023-08-31,2024-08-30,EUR,100.0,8800000.002,639999.9972,1112527.926,
T0293,8,4,6,2,Proportional,2021,2021-05-05,2022-05-04,EUR,20.0,15300000.003600001,2769999.9948000005,2313849.9312000005,unassigned_region
T0664,32,3,5,4,Excess of Loss,2021,2021-10-16,2022-10-15,USD,100.0,25500000.0,1520000.0,2564179.08,
T0582,8,4,2,7,Excess of Loss,2023,2023-05-21,2024-05-20,EUR,100.0,15099999.9984,2549999.9988,1136740.3272000002,
T0102,53,3,5,3,Proportional,2022,2022-09-06,2023-09-05,USD,20.0,12400000.0,1110000.0,1003243.66,
T0468,56,4,3,1,Proportional,2021,2021-05-11,2022-05-10,USD,50.0,28700000.0,4570000.0,2353430.98,
T0352,10,2,5,3,Excess of Loss,2023,2023-07-29,2024-07-28,USD,100.0,48300000.0,4400000.0,5565135.53,
T0060,1,3,5,3,Excess of Loss,2026,2026-03-01,2027-02-28,USD,100.0,5800000.0,850000.0,487229.53,
T0049,56,2,6,8,Proportional,2023,2023-03-31,2024-03-30,USD,20.0,14200000.0,1810000.0,2195640.12,unassigned_region
T0630,51,1,5,6,Excess of Loss,2022,2022-04-06,2023-04-05,USD,100.0,7000000.0,360000.0,986924.38,
T0595,8,2,2,4,Facultative,2024,2024-06-26,2025-06-25,EUR,100.0,8400000.002400002,499999.9968000001,1060545.6468,
T0110,36,4,1,6,Facultative,2025,2025-06-15,2026-06-14,USD,100.0,36800000.0,7290000.0,2652491.09,
T0471,29,4,2,6,Proportional,2025,2025-06-18,2026-06-17,EUR,10.0,11199999.9996,970000.0020000001,1000724.8140000001,
T0615,15,3,2,8,Proportional,2021,2021-04-10,2022-04-09,EUR,20.0,35599999.996800005,2330000.0028000004,3136267.4904,
T0134,13,4,5,1,Proportional,2021,2021-04-04,2022-04-03,USD,20.0,6900000.0,1220000.0,738699.18,
T0240,20,4,2,6,Excess of Loss,2023,2023-08-21,2024-08-20,EUR,100.0,21200000.0004,3469999.9968000003,2081006.5428,
T0655,20,5,2,3,Excess of Loss,2022,2022-05-02,2023-05-01,EUR,100.0,10800000.0,1230000.0012,1060887.4776,
T0077,46,1,5,8,Proportional,2023,2023-06-18,2024-06-17,USD,20.0,15600000.0,2550000.0,1354882.47,
T0224,43,2,1,8,Proportional,2025,2025-05-23,2026-05-22,USD,50.0,28800000.0,5560000.0,5015447.86,
T0151,12,1,5,6,Proportional,2022,2022-08-06,2023-08-05,USD,20.0,34000000.0,5360000.0,2607105.97,
T0576,36,5,1,8,Excess of Loss,2021,2021-04-03,2022-04-02,USD,100.0,4900000.0,310000.0,478642.6,
T0319,7,1,1,4,Excess of Loss,2026,2026-08-14,2027-08-13,USD,100.0,3400000.0,390000.0,446115.14,
T0435,36,2,1,5,Proportional,2022,2022-12-26,2023-12-25,USD,30.0,17000000.0,1920000.0,1324566.0,
T0533,7,1,6,3,Proportional,2024,2024-03-23,2025-03-22,USD,50.0,43000000.0,4900000.0,5009444.42,unassigned_region
T0007,51,1,5,3,Proportional,2025,2025-07-19,2026-07-18,USD,30.0,8000000.0,1580000.0,687071.96,
T0642,47,5,2,1,Excess of Loss,2022,2022-01-29,2023-01-28,EUR,100.0,43699999.996800005,4330000.0008000005,5005804.5576,
T0312,22,3,5,8,Excess of Loss,2026,2026-05-11,2027-05-10,USD,100.0,9300000.0,1720000.0,930245.33,
T0019,38,2,3,8,Proportional,2024,2024-07-12,2025-07-11,USD,20.0,3800000.0,530000.0,730349.02,
T0192,38,2,3,5,Proportional,2024,2024-10-25,2025-10-24,USD,40.0,26300000.0,1990000.0,2309004.24,
T0414,54,1,5,6,Proportional,2024,2024-12-15,2025-12-14,USD,50.0,8100000.0,1140000.0,746165.6,
T0487,22,4,5,3,Excess of Loss,2025,2025-02-27,2026-02-26,USD,100.0,16900000.0,1800000.0,1489081.3,
T0281,33,4,2,2,Excess of Loss,2022,2022-02-06,2023-02-05,EUR,100.0,14900000.004000003,1209999.9996000002,1240777.9584000001,
T0329,2,4,5,7,Proportional,2024,2024-09-20,2025-09-19,USD,15.0,12800000.0,2020000.0,1015041.81,
T0001,34,4,5,5,Excess of Loss,2024,2024-05-15,2025-05-14,USD,100.0,31700000.0,2870000.0,2875045.86,
T0061,3,1,1,8,Excess of Loss,2022,2022-04-16,2023-04-15,USD,100.0,6200000.0,1090000.0,949776.83,
T0661,33,1,2,6,Excess of Loss,2025,2025-10-06,2026-10-05,EUR,100.0,17700000.0012,1130000.0040000002,1593647.4492000001,
T0601,47,1,2,7,Proportional,2025,2025-09-23,2026-09-22,EUR,20.0,26900000.002800003,3110000.0004000003,4966603.225200001,
T0523,20,4,2,3,Excess of Loss,2025,2025-10-10,2026-10-09,EUR,100.0,10400000.000400001,1579999.9968,1445617.692,
T0098,33,4,2,4,Proportional,2022,2022-03-29,2023-03-28,EUR,50.0,15899999.997600002,2330000.0028000004,2230847.0604,
T0496,36,5,1,4,Proportional,2025,2025-04-05,2026-04-04,USD,10.0,12500000.0,1450000.0,1462714.0,
T0430,27,4,5,6,Excess of Loss,2023,2023-04-15,2024-04-14,USD,100.0,15500000.0,2200000.0,2753749.47,
T0340,43,4,1,6,Excess of Loss,2021,2021-08-03,2022-08-02,USD,100.0,9600000.0,1080000.0,1248061.65,
T0685,29,1,2,3,Proportional,2025,2025-01-28,2026-01-27,EUR,15.0,29300000.0004,2210000.004,2425009.0500000003,
T0693,12,5,5,1,Proportional,2021,2021-03-07,2022-03-06,USD,20.0,5500000.0,420000.0,511442.25,
T0270,28,1,2,6,Proportional,2025,2025-04-26,2026-04-25,GBP,50.0,10900000.0059,889999.998,834735.6939999999,
T0097,5,3,2,3,Excess of Loss,2025,2025-01-26,2026-01-25,EUR,100.0,3700000.0044000004,399999.99960000004,512843.2812,
T0684,6,1,5,5,Facultative,2025,2025-04-17,2026-04-16,USD,100.0,21100000.0,1760000.0,1519194.63,
T0056,14,1,5,3,Excess of Loss,2024,2024-09-19,2025-09-18,USD,100.0,6700000.0,990000.0,753202.13,
T0351,63,4,1,6,Proportional,2023,2023-03-15,2024-03-14,INR,40.0,13800000.0,909999.99996,2262512.088,
T0501,18,2,5,4,Proportional,2025,2025-11-27,2026-11-26,USD,15.0,12700000.0,940000.0,912944.76,
T0260,44,1,1,2,Proportional,2022,2022-08-17,2023-08-16,USD,30.0,26700000.0,3510000.0,2584452.8,
T0476,29,1,2,3,Excess of Loss,2021,2021-09-15,2022-09-14,EUR,100.0,8899999.999200001,799999.9992000001,815495.04,
T0011,20,1,2,2,Excess of Loss,2022,2022-02-04,2023-02-03,EUR,100.0,20400000.0012,2700000.0,1881415.5012,
T0443,43,4,1,8,Excess of Loss,2024,2024-04-27,2025-04-26,USD,100.0,19000000.0,3780000.0,1907467.01,
T0305,1,1,5,1,Proportional,2024,2024-04-22,2025-04-21,USD,25.0,27700000.0,2730000.0,2335167.3,
T0216,46,5,5,3,Facultative,2023,2023-10-28,2024-10-27,USD,100.0,4400000.0,710000.0,742504.18,
T0314,32,1,5,6,Proportional,2021,2021-02-05,2022-02-04,USD,50.0,4900000.0,790000.0,722575.74,
T0299,9,5,1,7,Excess of Loss,2024,2024-03-03,2025-03-02,INR,100.0,8199999.999960001,800000.0000400001,1414970.8527600002,
T0372,40,5,2,5,Excess of Loss,2025,2025-03-07,2026-03-06,EUR,100.0,52400000.001600005,10020000.0024,7542036.478800001,
T0027,12,4,5,6,Excess of Loss,2021,2021-02-18,2022-02-17,USD,100.0,5400000.0,710000.0,668834.97,
T0531,29,3,2,4,Proportional,2023,2023-05-01,2024-04-30,EUR,10.0,2600000.0028000004,479999.99520000006,323943.4404,
T0185,5,4,2,8,Excess of Loss,2024,2024-04-19,2025-04-18,EUR,100.0,62199999.997200005,11800000.0044,4740902.352000001,
T0238,12,1,5,5,Proportional,2023,2023-01-29,2024-01-28,USD,50.0,5700000.0,830000.0,418000.87,
T0377,44,1,1,1,Excess of Loss,2023,2023-07-31,2024-07-30,USD,100.0,4200000.0,470000.0,747926.1,
T0089,36,2,1,3,Proportional,2026,2026-01-10,2027-01-09,USD,15.0,5900000.0,770000.0,1062989.45,
T0490,8,5,2,1,Excess of Loss,2025,2025-12-14,2026-12-13,EUR,100.0,8499999.9996,1630000.0008,950379.3828000001,
T0493,53,2,5,1,Proportional,2022,2022-02-22,2023-02-21,USD,10.0,18600000.0,2610000.0,2992825.24,
T0695,42,4,2,2,Proportional,2025,2025-01-05,2026-01-04,EUR,50.0,9900000.003600001,600000.0048000001,1436244.0372000001,
T0386,8,4,2,2,Proportional,2023,2023-12-25,2024-12-24,EUR,20.0,20599999.9956,3449999.9952000002,2349092.7180000003,
T0269,53,4,5,5,Proportional,2025,2025-04-12,2026-04-11,USD,20.0,15400000.0,1240000.0,1211766.15,
T0039,44,5,1,5,Excess of Loss,2022,2022-11-05,2023-11-04,USD,100.0,14400000.0,1940000.0,1447081.06,
T0153,54,1,5,2,Proportional,2023,2023-04-23,2024-04-22,USD,15.0,21100000.0,2130000.0,1861268.51,
T0080,17,4,2,7,Facultative,2025,2025-02-24,2026-02-23,EUR,100.0,23800000.003200002,4320000.0,1742753.9556000002,
T0242,25,5,5,3,Proportional,2024,2024-01-27,2025-01-26,USD,15.0,15600000.0,1800000.0,2628890.09,
T0250,65,5,2,4,Proportional,2022,2022-07-16,2023-07-15,EUR,25.0,8000000.002800001,1419999.9948000002,1135044.6732,
T0636,5,1,2,6,Proportional,2022,2022-04-19,2023-04-18,EUR,15.0,10300000.0032,1790000.0028000001,985012.218,
T0644,1,1,5,4,Facultative,2024,2024-09-30,2025-09-29,USD,100.0,12500000.0,920000.0,898236.69,
T0346,5,1,2,5,Proportional,2026,2026-01-18,2027-01-17,EUR,30.0,13899999.9996,2730000.0024,1472117.1012,
T0528,16,5,5,4,Facultative,2022,2022-02-08,2023-02-07,USD,100.0,3700000.0,500000.0,341171.2,
T0175,22,1,5,8,Excess of Loss,2021,2021-02-10,2022-02-09,USD,100.0,12200000.0,1520000.0,1253821.97,
T0598,38,1,3,2,Facultative,2024,2024-03-04,2025-03-03,USD,100.0,16100000.0,1900000.0,1216119.19,
T0525,54,3,5,8,Proportional,2023,2023-01-25,2024-01-24,USD,20.0,63800000.0,10450000.0,5857120.74,
T0025,24,2,4,7,Proportional,2023,2023-09-16,2024-09-15,USD,30.0,14000000.0,2210000.0,1075258.24,
T0162,3,1,1,4,Excess of Loss,2025,2025-07-28,2026-07-27,USD,100.0,19900000.0,1200000.0,1771607.12,
T0094,47,5,2,2,Excess of Loss,2026,2026-06-03,2027-06-02,EUR,100.0,8300000.005200001,680000.0004,677583.0792,
T0183,38,3,3,4,Proportional,2025,2025-03-02,2026-03-01,USD,40.0,16000000.0,3080000.0,1206531.13,
T0699,22,4,5,5,Excess of Loss,2023,2023-10-13,2024-10-12,USD,100.0,27700000.0,3070000.0,3890822.87,
T0120,8,5,2,7,Excess of Loss,2026,2026-08-14,2027-08-13,EUR,100.0,19500000.0048,3670000.0020000003,1674540.972,
T0691,44,3,1,2,Excess of Loss,2026,2026-07-10,2027-07-09,USD,100.0,18500000.0,1790000.0,1331065.72,
T0263,50,4,2,8,Excess of Loss,2025,2025-12-30,2026-12-29,EUR,100.0,3899999.9988,629999.9964,499553.38440000004,
T0267,22,5,5,8,Excess of Loss,2022,2022-02-28,2023-02-27,USD,100.0,32100000.0,4700000.0,2915673.45,
T0059,43,5,1,5,Excess of Loss,2023,2023-01-09,2024-01-08,USD,100.0,21900000.0,2190000.0,2776799.71,
T0614,7,4,1,8,Excess of Loss,2022,2022-08-03,2023-08-02,USD,100.0,1800000.0,350000.0,287008.06,
T0169,65,4,2,6,Facultative,2024,2024-07-14,2025-07-13,EUR,100.0,3999999.9960000003,740000.0052,660837.4092,
T0082,32,4,5,1,Excess of Loss,2025,2025-01-25,2026-01-24,USD,100.0,21600000.0,3080000.0,1927280.52,
T0462,28,4,2,3,Excess of Loss,2024,2024-08-12,2025-08-11,GBP,100.0,54900000.004200004,7899999.9988,4316732.0955,
T0627,3,1,1,5,Proportional,2024,2024-12-16,2025-12-15,USD,30.0,10200000.0,770000.0,1154818.03,
T0227,51,5,5,1,Proportional,2026,2026-01-31,2027-01-30,USD,20.0,5000000.0,290000.0,935322.62,
T0634,51,2,5,4,Excess of Loss,2024,2024-10-17,2025-10-16,USD,100.0,8700000.0,1670000.0,1037709.45,
T0335,66,5,6,8,Proportional,2024,2024-01-08,2025-01-07,USD,30.0,12100000.0,1360000.0,1181500.43,unassigned_region
T0562,37,4,1,7,Proportional,2023,2023-10-07,2024-10-06,USD,30.0,9100000.0,850000.0,859228.61,
T0222,20,4,2,7,Facultative,2025,2025-01-24,2026-01-23,EUR,100.0,13000000.0032,1309999.9968,1053870.5340000002,
T0489,20,1,2,6,Excess of Loss,2022,2022-09-29,2023-09-28,EUR,100.0,43400000.0052,6319999.998,3302583.7428000006,
T0624,43,4,1,5,Proportional,2023,2023-05-05,2024-05-04,USD,10.0,5900000.0,320000.0,434388.01,
T0510,13,1,5,7,Proportional,2022,2022-06-08,2023-06-07,USD,10.0,5800000.0,930000.0,1120197.37,
T0500,45,2,6,5,Proportional,2024,2024-11-11,2025-11-10,USD,50.0,34800000.0,4170000.0,3953983.72,unassigned_region
T0273,42,3,2,2,Proportional,2023,2023-04-14,2024-04-13,EUR,20.0,7600000.0032,1159999.9956000003,855514.8396000001,
T0539,2,5,5,8,Excess of Loss,2026,2026-06-23,2027-06-22,USD,100.0,42800000.0,4480000.0,3736408.11,
T0503,3,5,1,5,Proportional,2025,2025-12-10,2026-12-09,USD,15.0,7300000.0,600000.0,1146578.42,
T0646,29,4,2,6,Facultative,2025,2025-06-02,2026-06-01,EUR,100.0,27000000.0,3319999.9956,2010305.0556000003,
T0084,43,5,1,2,Proportional,2023,2023-01-30,2024-01-29,USD,15.0,28100000.0,2680000.0,2013952.43,
T0093,26,2,5,5,Excess of Loss,2023,2023-01-19,2024-01-18,USD,100.0,11500000.0,2050000.0,1061580.65,
T0302,40,2,2,7,Excess of Loss,2024,2024-04-06,2025-04-05,EUR,100.0,10199999.9952,1110000.0024,820262.1384,
T0020,32,3,5,6,Excess of Loss,2024,2024-09-16,2025-09-15,USD,100.0,51700000.0,8650000.0,4358946.6,
T0047,45,5,5,9,Excess of Loss,2022,2022-01-30,2023-01-29,USD,100.0,11000000.0,1220000.0,1074105.11,unassigned_underwriter
T0186,20,5,2,8,Proportional,2023,2023-01-22,2024-01-21,EUR,20.0,91499999.9976,10460000.0052,9665040.366,
T0228,32,4,5,4,Excess of Loss,2026,2026-07-08,2027-07-07,USD,100.0,7300000.0,570000.0,682460.82,
T0575,44,4,1,4,Excess of Loss,2025,2025-03-23,2026-03-22,USD,100.0,3200000.0,420000.0,370552.28,
T0334,32,4,5,3,Facultative,2023,2023-03-28,2024-03-27,USD,100.0,8600000.0,1150000.0,1434987.12,
T0527,29,2,2,1,Facultative,2025,2025-08-30,2026-08-29,EUR,100.0,14600000.001600001,1469999.9988000002,1657693.7172000003,
T0016,38,4,3,8,Proportional,2025,2025-01-16,2026-01-15,USD,25.0,35100000.0,3290000.0,5293515.36,
T0232,32,4,5,2,Excess of Loss,2021,2021-11-11,2022-11-10,USD,100.0,7500000.0,550000.0,694864.18,
T0400,16,4,5,4,Proportional,2025,2025-08-26,2026-08-25,USD,20.0,55000000.0,6240000.0,4498171.21,
T0429,12,2,5,5,Proportional,2026,2026-05-10,2027-05-09,USD,25.0,10500000.0,1640000.0,1008002.14,
T0315,12,1,5,7,Proportional,2022,2022-10-01,2023-09-30,USD,10.0,4200000.0,250000.0,704079.74,
T0690,64,5,5,9,Proportional,2024,2024-06-21,2025-06-20,USD,25.0,6000000.0,490000.0,695005.46,unassigned_underwriter
T0279,15,5,2,2,Facultative,2024,2024-10-14,2025-10-13,EUR,100.0,10599999.994800001,1650000.0024,956404.7568,
T0316,10,4,5,3,Proportional,2021,2021-09-29,2022-09-28,USD,20.0,13900000.0,1230000.0,1080915.74,
T0666,28,5,2,5,Excess of Loss,2024,2024-01-07,2025-01-06,GBP,100.0,16199999.9977,2100000.0037000002,2265779.695,
T0040,13,1,5,1,Excess of Loss,2024,2024-12-09,2025-12-08,USD,100.0,7400000.0,1130000.0,856639.8,
T0160,36,1,1,4,Facultative,2024,2024-06-07,2025-06-06,USD,100.0,12800000.0,1190000.0,2236155.2,
T0247,28,6,2,3,Facultative,2023,2023-01-14,2024-01-13,GBP,100.0,14499999.9941,2730000.0009999997,1592463.0584,unmapped_lob
T0239,10,3,5,5,Proportional,2024,2024-05-31,2025-05-30,USD,25.0,39300000.0,3090000.0,3579750.15,
T0138,44,5,1,6,Excess of Loss,2025,2025-10-12,2026-10-11,USD,100.0,20900000.0,2440000.0,1953615.06,
T0026,32,1,5,4,Facultative,2022,2022-10-21,2023-10-20,USD,100.0,26700000.0,3330000.0,2361838.85,
T0563,26,2,5,3,Excess of Loss,2025,2025-09-14,2026-09-13,USD,100.0,20700000.0,2930000.0,1984647.12,
T0660,44,4,1,3,Excess of Loss,2025,2025-12-17,2026-12-16,USD,100.0,20800000.0,1580000.0,1728551.41,
T0341,18,5,5,2,Proportional,2025,2025-10-09,2026-10-08,USD,50.0,9300000.0,1170000.0,775028.86,
T0062,34,1,5,7,Proportional,2026,2026-02-03,2027-02-02,USD,10.0,6800000.0,480000.0,644375.24,
T0308,6,2,5,9,Excess of Loss,2023,2023-06-03,2024-06-02,USD,100.0,8800000.0,1270000.0,945611.34,unassigned_underwriter
T0393,25,4,5,3,Proportional,2023,2023-08-11,2024-08-10,USD,30.0,3500000.0,500000.0,301034.72,
T0572,8,1,2,8,Excess of Loss,2025,2025-04-08,2026-04-07,EUR,100.0,11100000.0024,860000.0040000001,1190987.4528,
T0159,55,4,2,5,Proportional,2021,2021-01-27,2022-01-26,EUR,40.0,8599999.9968,1059999.9984000002,743447.1384,
T0012,27,1,5,3,Facultative,2024,2024-10-21,2025-10-20,USD,100.0,14400000.0,2530000.0,1513257.16,
T0241,7,2,1,4,Facultative,2023,2023-06-30,2024-06-29,USD,100.0,15200000.0,2130000.0,1327287.72,
T0472,34,4,5,4,Proportional,2024,2024-01-02,2025-01-01,USD,15.0,6700000.0,780000.0,929831.6,
T0018,56,1,6,5,Excess of Loss,2025,2025-07-16,2026-07-15,USD,100.0,104100000.0,12990000.0,7895433.42,unassigned_region
T0208,66,4,3,9,Proportional,2024,2024-12-25,2025-12-24,USD,25.0,13500000.0,2640000.0,2129207.54,unassigned_underwriter
T0068,58,4,4,8,Excess of Loss,2021,2021-05-03,2022-05-02,USD,100.0,28600000.0,3360000.0,3328958.11,
T0541,22,5,5,5,Proportional,2021,2021-05-12,2022-05-11,USD,40.0,26700000.0,4400000.0,2354467.76,
T0522,12,4,5,1,Excess of Loss,2021,2021-08-06,2022-08-05,USD,100.0,3100000.0,280000.0,313684.84,
T0210,13,4,5,3,Excess of Loss,2022,2022-02-13,2023-02-12,USD,100.0,7300000.0,1020000.0,657145.69,
T0113,9,3,1,4,Proportional,2022,2022-07-11,2023-07-10,INR,50.0,8700000.0,470000.00004,890810.43168,
T0353,7,4,1,8,Proportional,2024,2024-02-27,2025-02-26,USD,20.0,8800000.0,1440000.0,1547839.65,
T0668,4,5,1,5,Excess of Loss,2025,2025-02-19,2026-02-18,INR,100.0,6099999.99996,519999.99996,1145247.45708,
T0584,16,1,5,4,Facultative,2024,2024-07-01,2025-06-30,USD,100.0,2500000.0,330000.0,200000.0,
T0214,16,1,5,2,Facultative,2024,2024-04-13,2025-04-12,USD,100.0,13800000.0,2170000.0,1449871.97,
T0107,7,4,1,6,Proportional,2024,2024-11-04,2025-11-03,USD,20.0,33900000.0,6110000.0,2675265.95,
T0005,21,4,5,1,Proportional,2025,2025-11-11,2026-11-10,USD,10.0,9200000.0,510000.0,769126.34,
T0648,65,4,2,5,Proportional,2023,2023-05-22,2024-05-21,EUR,50.0,45999999.997200005,7050000.002400001,3932304.5484,
T0103,20,4,2,5,Excess of Loss,2025,2025-08-10,2026-08-09,EUR,100.0,9600000.001200002,540000.0,1384687.2240000002,
T0416,18,2,5,5,Excess of Loss,2022,2022-03-30,2023-03-29,USD,100.0,3400000.0,260000.0,382462.09,
T0055,2,3,5,8,Proportional,2026,2026-04-21,2027-04-20,USD,25.0,12600000.0,1690000.0,928765.12,
T0488,3,4,1,5,Excess of Loss,2025,2025-11-11,2026-11-10,USD,100.0,43500000.0,5240000.0,5994896.73,
T0626,15,5,6,4,Facultative,2022,2022-10-06,2023-10-05,EUR,100.0,10400000.000400001,1660000.0032000002,1190796.3036,unassigned_region
T0474,32,1,5,4,Proportional,2021,2021-07-19,2022-07-18,USD,25.0,35800000.0,4850000.0,2678642.82,
T0516,16,3,5,3,Excess of Loss,2023,2023-10-21,2024-10-20,USD,100.0,23800000.0,4370000.0,2666868.82,
T0592,62,2,1,2,Excess of Loss,2026,2026-01-09,2027-01-08,USD,100.0,10200000.0,1880000.0,738589.96,
T0292,42,3,2,7,Excess of Loss,2022,2022-03-17,2023-03-16,EUR,100.0,11000000.0052,980000.0028000001,1067799.6288,
T0264,5,3,2,3,Excess of Loss,2023,2023-08-03,2024-08-02,EUR,100.0,20499999.998400003,3499999.9992000004,2403531.4032,
T0252,12,5,5,4,Excess of Loss,2023,2023-06-11,2024-06-10,USD,100.0,9800000.0,1780000.0,1334983.08,
T0564,30,2,1,6,Excess of Loss,2025,2025-07-15,2026-07-14,INR,100.0,42099999.99996,2450000.00004,3386322.39528,
T0550,27,3,5,1,Proportional,2025,2025-03-19,2026-03-18,USD,15.0,7900000.0,1200000.0,845779.85,
T0002,28,4,2,3,Proportional,2026,2026-03-30,2027-03-29,GBP,10.0,5700000.004600001,609999.9992000001,569336.6185,
T0376,41,4,5,4,Proportional,2022,2022-09-28,2023-09-27,USD,10.0,8600000.0,740000.0,750096.55,
T0657,12,5,5,3,Facultative,2024,2024-06-11,2025-06-10,USD,100.0,19600000.0,3430000.0,1608812.85,
T0594,20,4,2,5,Proportional,2026,2026-01-26,2027-01-25,EUR,20.0,9399999.996,629999.9964,976227.39,
T0368,57,2,2,6,Proportional,2023,2023-09-08,2024-09-07,GBP,30.0,10599999.9963,1580000.0023,1112266.1905,
T0403,16,4,5,2,Proportional,2025,2025-12-25,2026-12-24,USD,25.0,5200000.0,850000.0,648608.12,
T0003,40,2,2,7,Proportional,2021,2021-04-09,2022-04-08,EUR,40.0,12099999.996,2099999.9952000002,1175959.9548000002,
T0096,5,3,2,8,Proportional,2022,2022-10-01,2023-09-30,EUR,20.0,3300000.0048,509999.9976,435796.308,
T0497,62,1,1,5,Excess of Loss,2024,2024-02-09,2025-02-08,USD,100.0,26800000.0,4610000.0,2634091.09,
T0623,2,2,5,5,Facultative,2026,2026-05-27,2027-05-26,USD,100.0,13400000.0,2570000.0,990560.56,
T0285,32,5,5,3,Excess of Loss,2024,2024-07-06,2025-07-05,USD,100.0,13400000.0,1230000.0,1182304.35,
T0212,20,1,2,8,Excess of Loss,2025,2025-03-03,2026-03-02,EUR,100.0,23599999.998000003,3010000.0032,3691980.7668000003,
T0411,5,4,2,8,Proportional,2022,2022-03-21,2023-03-20,EUR,15.0,15599999.9952,3069999.9972,1715590.1304,
T0174,16,1,5,2,Proportional,2026,2026-04-03,2027-04-02,USD,25.0,53000000.0,9030000.0,6587798.16,
T0288,44,1,1,5,Excess of Loss,2025,2025-01-01,2025-12-31,USD,100.0,9300000.0,1650000.0,1018062.65,
T0538,52,4,3,6,Excess of Loss,2022,2022-09-15,2023-09-14,USD,100.0,62500000.0,9910000.0,6294232.68,
T0143,51,4,5,7,Excess of Loss,2025,2025-01-15,2026-01-14,USD,100.0,19700000.0,3920000.0,1465490.29,
T0413,28,4,2,8,Excess of Loss,2025,2025-09-23,2026-09-22,GBP,100.0,14400000.0036,789999.9948,1804238.8096,
T0193,66,4,3,6,Proportional,2022,2022-10-29,2023-10-28,USD,10.0,39800000.0,5050000.0,4179007.79,
T0692,5,2,2,2,Excess of Loss,2023,2023-11-11,2024-11-10,EUR,100.0,12300000.001200002,2379999.9960000003,1058969.9808,
T0402,4,2,1,6,Excess of Loss,2023,2023-12-15,2024-12-14,INR,100.0,16700000.000040002,1590000.0,1456600.146,
T0230,62,5,1,8,Excess of Loss,2021,2021-01-25,2022-01-24,USD,100.0,91800000.0,13930000.0,6611100.84,
T0218,33,4,2,1,Excess of Loss,2023,2023-12-12,2024-12-11,EUR,100.0,1999999.9980000001,359999.99640000006,200000.0052,
T0155,16,4,5,7,Excess of Loss,2024,2024-04-30,2025-04-29,USD,100.0,8400000.0,1080000.0,701236.82,
T0431,18,3,5,2,Excess of Loss,2021,2021-01-04,2022-01-03,USD,100.0,15300000.0,2300000.0,2311597.76,
T0404,13,4,5,1,Excess of Loss,2022,2022-10-31,2023-10-30,USD,100.0,52800000.0,10550000.0,4576634.12,
T0182,45,5,5,8,Excess of Loss,2025,2025-10-28,2026-10-27,USD,100.0,6600000.0,660000.0,1167360.13,
T0336,22,4,5,8,Facultative,2022,2022-08-05,2023-08-04,USD,100.0,6000000.0,340000.0,843290.58,
T0581,22,4,5,7,Excess of Loss,2022,2022-01-14,2023-01-13,USD,100.0,23100000.0,2750000.0,2223012.84,
T0075,60,4,4,5,Proportional,2026,2026-03-21,2027-03-20,USD,25.0,15500000.0,1020000.0,1506820.72,
T0415,30,5,1,3,Excess of Loss,2023,2023-05-14,2024-05-13,INR,100.0,17499999.999959998,3009999.99996,2566597.58832,
T0436,16,3,5,2,Proportional,2025,2025-01-06,2026-01-05,USD,15.0,21900000.0,4050000.0,1726003.49,
T0234,3,4,1,4,Proportional,2025,2025-09-13,2026-09-12,USD,40.0,5700000.0,880000.0,713889.77,
T0021,34,3,5,2,Facultative,2023,2023-08-25,2024-08-24,USD,100.0,23700000.0,2420000.0,1710188.07,
T0602,48,1,1,4,Proportional,2025,2025-03-13,2026-03-12,USD,20.0,19200000.0,1920000.0,1845518.5,
T0621,19,4,2,2,Proportional,2021,2021-04-27,2022-04-26,EUR,50.0,19399999.9968,2450000.0016,1724896.9008000002,
T0031,30,1,1,7,Proportional,2023,2023-03-31,2024-03-30,INR,30.0,6300000.0,690000.0,1136747.00964,
T0291,38,4,3,1,Excess of Loss,2024,2024-11-11,2025-11-10,USD,100.0,25700000.0,4840000.0,2893816.21,
T0253,10,3,5,5,Excess of Loss,2023,2023-12-08,2024-12-07,USD,100.0,2000000.0,380000.0,398856.12,
T0070,7,4,1,7,Excess of Loss,2024,2024-05-15,2025-05-14,USD,100.0,15000000.0,1360000.0,1267598.39,
T0088,38,4,3,5,Facultative,2021,2021-07-26,2022-07-25,USD,100.0,6800000.0,1340000.0,642763.96,
T0115,66,2,6,8,Proportional,2026,2026-05-21,2027-05-20,USD,20.0,5200000.0,320000.0,893427.6,unassigned_region
T0549,32,1,5,6,Proportional,2025,2025-08-31,2026-08-30,USD,25.0,3500000.0,590000.0,581584.52,
T0092,8,1,2,2,Excess of Loss,2026,2026-05-01,2027-04-30,EUR,100.0,4299999.9984,629999.9964,484931.5128,
T0466,7,4,1,2,Excess of Loss,2022,2022-08-29,2023-08-28,USD,100.0,19600000.0,1960000.0,1828219.63,
T0168,58,2,4,8,Proportional,2025,2025-03-16,2026-03-15,USD,15.0,12700000.0,1430000.0,1590488.49,
T0408,12,3,5,6,Proportional,2025,2025-08-01,2026-07-31,USD,25.0,23000000.0,4350000.0,1953700.05,
T0321,44,1,1,4,Proportional,2024,2024-10-11,2025-10-10,USD,10.0,25600000.0,1600000.0,1940908.38,
T0647,66,3,3,4,Excess of Loss,2022,2022-08-29,2023-08-28,USD,100.0,31500000.0,3430000.0,2365610.36,
T0078,4,6,1,3,Facultative,2024,2024-02-08,2025-02-07,INR,100.0,44100000.0,2460000.0,5170105.23084,unmapped_lob
T0567,4,4,1,6,Proportional,2024,2024-08-16,2025-08-15,INR,50.0,13599999.99996,2469999.99996,1030820.28924,
T0532,42,1,2,8,Excess of Loss,2024,2024-02-01,2025-01-31,EUR,100.0,9500000.004,970000.0020000001,942316.9776,
T0258,60,5,4,5,Excess of Loss,2022,2022-07-26,2023-07-25,USD,100.0,95900000.0,13560000.0,6903567.04,
T0256,52,5,3,2,Excess of Loss,2025,2025-09-14,2026-09-13,USD,100.0,7100000.0,1270000.0,1025098.59,
T0498,10,1,5,4,Proportional,2024,2024-03-23,2025-03-22,USD,10.0,14000000.0,1690000.0,1491197.26,
T0131,5,2,2,3,Excess of Loss,2026,2026-08-20,2027-08-19,EUR,100.0,4100000.004,460000.00440000003,721158.5952,
T0101,45,2,5,1,Proportional,2023,2023-12-29,2024-12-28,USD,25.0,15100000.0,2640000.0,2236663.41,
T0172,40,5,2,4,Proportional,2025,2025-08-02,2026-08-01,EUR,10.0,6500000.0016,899999.9964000001,670603.8816000001,
T0658,16,3,5,3,Excess of Loss,2025,2025-12-06,2026-12-05,USD,100.0,6100000.0,1060000.0,642539.16,
T0617,4,1,1,7,Proportional,2023,2023-03-10,2024-03-09,INR,30.0,5900000.00004,339999.99996,461076.66696,
T0454,21,5,5,3,Facultative,2023,2023-06-19,2024-06-18,USD,100.0,7900000.0,1100000.0,1336796.9,
T0670,45,5,5,7,Proportional,2025,2025-07-27,2026-07-26,USD,30.0,19000000.0,1820000.0,1714418.69,
T0201,53,4,5,1,Proportional,2025,2025-09-24,2026-09-23,USD,25.0,5700000.0,1070000.0,572508.11,
T0203,4,5,1,5,Proportional,2024,2024-12-12,2025-12-11,INR,30.0,5300000.00004,459999.99996,973402.63632,
T0456,13,4,5,3,Excess of Loss,2023,2023-11-16,2024-11-15,USD,100.0,69200000.0,10650000.0,9662306.41,
T0137,38,3,3,1,Excess of Loss,2023,2023-04-01,2024-03-31,USD,100.0,5900000.0,380000.0,1130001.37,
T0521,3,3,1,4,Proportional,2024,2024-10-03,2025-10-02,USD,40.0,31900000.0,3180000.0,2313745.62,
T0570,63,2,1,6,Proportional,2023,2023-04-11,2024-04-10,INR,50.0,31100000.000040002,4110000.0,2884600.338,
T0379,44,2,1,4,Excess of Loss,2025,2025-12-01,2026-11-30,USD,100.0,3100000.0,440000.0,443723.22,
T0271,29,5,2,6,Proportional,2023,2023-11-04,2024-11-03,EUR,30.0,20199999.996,1849999.9968,1663956.3780000003,
T0064,36,4,1,7,Proportional,2025,2025-12-28,2026-12-27,USD,20.0,28300000.0,4760000.0,3202994.72,
T0394,53,4,5,4,Excess of Loss,2022,2022-11-01,2023-10-31,USD,100.0,14000000.0,2120000.0,1437598.36,
T0071,33,5,2,5,Proportional,2024,2024-11-03,2025-11-02,EUR,10.0,18100000.000800002,2180000.0016,1387397.0412,
T0535,36,5,1,8,Excess of Loss,2023,2023-12-11,2024-12-10,USD,100.0,27200000.0,4410000.0,2322996.52,
T0272,53,1,5,4,Proportional,2024,2024-01-20,2025-01-19,USD,30.0,62200000.0,8710000.0,4586650.74,
T0544,12,2,5,6,Proportional,2021,2021-01-01,2021-12-31,USD,40.0,53300000.0,10550000.0,6325108.11,
T0161,8,2,2,8,Excess of Loss,2021,2021-03-05,2022-03-04,EUR,100.0,3199999.9968000003,259999.99920000002,554101.2036,
T0616,29,5,2,4,Proportional,2024,2024-03-07,2025-03-06,EUR,10.0,7099999.995600001,1370000.0016,867125.2824000001,
T0170,10,5,5,8,Excess of Loss,2025,2025-09-22,2026-09-21,USD,100.0,11400000.0,1570000.0,1109405.01,
T0037,33,2,2,3,Proportional,2024,2024-09-14,2025-09-13,EUR,30.0,9299999.9988,489999.99600000004,1414417.0104,
T0244,54,1,5,5,Proportional,2025,2025-10-21,2026-10-20,USD,20.0,23000000.0,3470000.0,1854126.76,
T0083,30,1,1,8,Proportional,2022,2022-06-12,2023-06-11,INR,10.0,15399999.99996,3020000.00004,2630560.13904,
T0261,15,1,2,5,Proportional,2024,2024-11-18,2025-11-17,EUR,15.0,103399999.9992,9709999.999200001,8091244.828800001,
T0373,64,5,5,8,Proportional,2026,2026-03-20,2027-03-19,USD,30.0,7300000.0,600000.0,974626.95,
T0023,4,4,1,1,Excess of Loss,2023,2023-12-13,2024-12-12,INR,100.0,6600000.0,1119999.99996,581182.99428,
T0338,34,4,5,2,Facultative,2024,2024-12-29,2025-12-28,USD,100.0,14000000.0,1740000.0,2353312.48,
T0309,8,1,2,2,Excess of Loss,2021,2021-02-15,2022-02-14,EUR,100.0,5000000.0004,540000.0,410467.8996,
T0681,67,4,5,4,Excess of Loss,2025,2025-10-08,2026-10-07,USD,100.0,15800000.0,2670000.0,1651339.15,
T0508,68,6,5,3,Excess of Loss,2024,2024-11-23,2025-11-22,USD,100.0,5700000.0,1110000.0,535875.27,unmapped_lob
T0221,45,1,5,9,Proportional,2024,2024-08-24,2025-08-23,USD,25.0,17400000.0,1850000.0,1674352.81,unassigned_underwriter
T0014,11,5,5,5,Facultative,2021,2021-11-08,2022-11-07,USD,100.0,2800000.0,440000.0,200000.0,
T0674,20,1,2,4,Excess of Loss,2021,2021-03-15,2022-03-14,EUR,100.0,4600000.0008000005,339999.99480000004,529571.9844000001,
T0585,40,1,2,1,Proportional,2025,2025-01-22,2026-01-21,EUR,30.0,5700000.002400001,450000.0036,1026483.5808000001,
T0512,17,3,2,9,Excess of Loss,2022,2022-11-07,2023-11-06,EUR,100.0,6999999.998400001,560000.0016000001,1374403.8096000003,unassigned_underwriter
T0178,14,2,5,8,Excess of Loss,2025,2025-11-29,2026-11-28,USD,100.0,15500000.0,2140000.0,1444092.19,
T0277,56,1,3,9,Excess of Loss,2021,2021-02-10,2022-02-09,USD,100.0,10900000.0,1280000.0,1405135.49,unassigned_underwriter
T0548,38,4,6,1,Proportional,2021,2021-01-26,2022-01-25,USD,15.0,7200000.0,1120000.0,583059.56,unassigned_region
T0477,50,4,2,7,Proportional,2022,2022-08-15,2023-08-14,EUR,10.0,10800000.0,1360000.0008,889481.2284,
T0226,27,4,5,8,Proportional,2024,2024-08-26,2025-08-25,USD,30.0,13300000.0,1050000.0,1660626.58,
T0217,5,5,2,5,Proportional,2021,2021-05-01,2022-04-30,EUR,10.0,18599999.9976,2909999.9952000002,1429398.3924,
T0030,52,4,3,1,Excess of Loss,2024,2024-10-13,2025-10-12,USD,100.0,8700000.0,490000.0,975714.33,
T0181,64,1,5,7,Proportional,2024,2024-04-27,2025-04-26,USD,20.0,9100000.0,1480000.0,839650.58,
T0460,47,1,2,5,Excess of Loss,2024,2024-04-01,2025-03-31,EUR,100.0,21699999.9972,2659999.9968000003,2609807.6988,
T0632,24,4,4,6,Excess of Loss,2022,2022-11-15,2023-11-14,USD,100.0,5100000.0,410000.0,895115.47,
T0688,57,4,2,3,Excess of Loss,2026,2026-05-16,2027-05-15,GBP,100.0,9499999.9992,810000.0056,1437877.4138,
T0475,62,1,1,2,Facultative,2023,2023-11-21,2024-11-20,USD,100.0,20800000.0,4130000.0,2358486.09,
T0265,60,4,4,6,Excess of Loss,2021,2021-06-23,2022-06-22,USD,100.0,14400000.0,2740000.0,1895940.62,
T0065,4,1,1,3,Excess of Loss,2023,2023-03-27,2024-03-26,INR,100.0,14499999.99996,1059999.99996,1111320.56952,
T0678,30,5,1,1,Facultative,2023,2023-09-07,2024-09-06,INR,100.0,16299999.99996,2019999.9999600002,2688017.8521600002,
T0215,32,4,5,1,Proportional,2024,2024-11-14,2025-11-13,USD,25.0,66000000.0,11440000.0,6637818.58,
T0662,16,4,5,8,Excess of Loss,2026,2026-02-07,2027-02-06,USD,100.0,11700000.0,2070000.0,1178883.92,
T0649,32,4,5,8,Proportional,2023,2023-06-01,2024-05-31,USD,50.0,37100000.0,5570000.0,4041290.68,
T0176,22,3,5,5,Facultative,2022,2022-01-13,2023-01-12,USD,100.0,13400000.0,1510000.0,993803.24,
T0399,27,4,5,5,Excess of Loss,2021,2021-05-28,2022-05-27,USD,100.0,14400000.0,1720000.0,2302822.48,
T0173,18,3,5,2,Excess of Loss,2024,2024-12-15,2025-12-14,USD,100.0,10500000.0,600000.0,818075.45,
T0333,35,4,1,7,Facultative,2021,2021-05-19,2022-05-18,USD,100.0,42500000.0,7410000.0,3403407.73,
T0033,23,1,5,8,Facultative,2024,2024-05-01,2025-04-30,USD,100.0,9700000.0,550000.0,1780102.9,
T0032,44,4,1,1,Excess of Loss,2025,2025-03-01,2026-02-28,USD,100.0,9400000.0,840000.0,1170447.0,
T0236,32,1,5,6,Facultative,2023,2023-08-28,2024-08-27,USD,100.0,5100000.0,870000.0,664860.32,
T0375,48,5,1,4,Excess of Loss,2026,2026-02-15,2027-02-14,USD,100.0,8800000.0,740000.0,850892.63,
T0398,69,4,2,4,Proportional,2024,2024-10-17,2025-10-16,EUR,25.0,8400000.002400002,929999.9988000001,1247664.7296000002,
T0409,20,1,2,1,Proportional,2025,2025-06-01,2026-05-31,EUR,30.0,8700000.0048,1459999.9980000001,661185.0288,
T0419,13,4,5,4,Excess of Loss,2021,2021-05-24,2022-05-23,USD,100.0,3600000.0,580000.0,270055.25,
T0390,9,1,1,6,Facultative,2022,2022-07-21,2023-07-20,INR,100.0,15500000.000040002,2810000.00004,2008632.25812,
T0672,36,4,1,2,Proportional,2022,2022-05-26,2023-05-25,USD,25.0,37500000.0,3910000.0,4539606.88,
T0551,15,4,2,2,Proportional,2021,2021-04-06,2022-04-05,EUR,40.0,18900000.0,2559999.9996,3405624.1884000003,
T0266,11,4,5,4,Proportional,2022,2022-04-02,2023-04-01,USD,15.0,20500000.0,2150000.0,1941550.84,
T0015,44,4,1,5,Proportional,2024,2024-05-21,2025-05-20,USD,20.0,34300000.0,2440000.0,2470818.2,
T0095,16,5,5,1,Proportional,2025,2025-09-29,2026-09-28,USD,25.0,16200000.0,2100000.0,1190443.4,
T0529,43,5,1,8,Excess of Loss,2025,2025-07-23,2026-07-22,USD,100.0,81800000.0,4780000.0,11178111.03,
T0392,32,5,5,1,Proportional,2021,2021-06-25,2022-06-24,USD,10.0,18900000.0,1800000.0,3758645.46,
T0079,52,4,3,5,Excess of Loss,2025,2025-02-24,2026-02-23,USD,100.0,1300000.0,140000.0,252709.42,
T0604,42,5,2,2,Proportional,2022,2022-07-27,2023-07-26,EUR,40.0,9200000.001600001,629999.9964,704563.5204,
T0388,32,4,5,7,Excess of Loss,2024,2024-11-09,2025-11-08,USD,100.0,45700000.0,3460000.0,7042276.28,
T0184,47,1,2,1,Excess of Loss,2025,2025-06-28,2026-06-27,EUR,100.0,7600000.0032,1309999.9968,1073972.7468,
T0450,3,1,6,7,Proportional,2024,2024-12-06,2025-12-05,USD,15.0,225900000.0,39290000.0,20891806.57,unassigned_region
T0381,16,4,5,4,Excess of Loss,2024,2024-03-15,2025-03-14,USD,100.0,21100000.0,3050000.0,2360609.1,
T0492,66,3,3,6,Proportional,2022,2022-11-17,2023-11-16,USD,30.0,20400000.0,3040000.0,2673665.04,
T0191,23,5,5,5,Facultative,2022,2022-04-14,2023-04-13,USD,100.0,12700000.0,950000.0,1511504.54,
T0622,9,5,1,5,Proportional,2022,2022-11-05,2023-11-04,INR,15.0,23000000.000040002,2679999.99996,1757596.269,
T0365,42,5,2,4,Excess of Loss,2025,2025-06-13,2026-06-12,EUR,100.0,22600000.0044,3800000.0016,2593472.4504,
T0136,35,1,1,7,Proportional,2023,2023-07-17,2024-07-16,USD,25.0,11400000.0,590000.0,1078724.73,
T0246,33,1,2,2,Proportional,2024,2024-11-10,2025-11-09,EUR,30.0,39200000.004,7210000.0044,3485952.7524,
T0275,25,1,5,2,Excess of Loss,2024,2024-09-22,2025-09-21,USD,100.0,10700000.0,930000.0,1210144.63,
T0148,9,1,1,7,Excess of Loss,2022,2022-12-20,2023-12-19,INR,100.0,8300000.000039999,1040000.0000400001,1123158.0064800002,
T0106,32,3,5,7,Proportional,2026,2026-05-11,2027-05-10,USD,40.0,13000000.0,1090000.0,1788645.16,
T0295,10,4,5,1,Excess of Loss,2023,2023-05-03,2024-05-02,USD,100.0,12400000.0,990000.0,1969852.8,
T0325,1,4,5,2,Excess of Loss,2026,2026-06-30,2027-06-29,USD,100.0,7800000.0,990000.0,618551.61,
T0540,53,5,5,6,Excess of Loss,2023,2023-11-27,2024-11-26,USD,100.0,18600000.0,3090000.0,1894228.46,
T0111,20,2,2,5,Facultative,2022,2022-07-08,2023-07-07,EUR,100.0,16800000.004800003,2369999.9952000002,1297643.4576,
T0006,45,3,5,5,Proportional,2022,2022-01-02,2023-01-01,USD,30.0,2700000.0,150000.0,200000.0,
T0145,32,4,5,4,Proportional,2023,2023-06-02,2024-06-01,USD,20.0,1300000.0,260000.0,223994.32,
T0104,36,3,1,2,Proportional,2021,2021-02-21,2022-02-20,USD,20.0,2400000.0,430000.0,352993.99,
T0211,52,2,3,6,Proportional,2024,2024-10-13,2025-10-12,USD,25.0,5700000.0,980000.0,787090.08,
T0447,20,5,2,7,Proportional,2025,2025-06-24,2026-06-23,EUR,40.0,33100000.002,5590000.0044,5151077.6472000005,
T0042,5,6,2,8,Excess of Loss,2021,2021-09-27,2022-09-26,EUR,100.0,12399999.9984,659999.9988000001,1013730.1092000001,unmapped_lob
T0363,33,4,2,7,Excess of Loss,2022,2022-06-12,2023-06-11,EUR,100.0,49300000.002000004,8489999.9988,5520503.505600001,
T0650,22,2,5,6,Proportional,2023,2023-04-28,2024-04-27,USD,10.0,6800000.0,780000.0,690148.57,
T0378,63,3,1,8,Proportional,2026,2026-01-27,2027-01-26,INR,50.0,2300000.00004,180000.0,360562.00164,
T0255,30,5,1,4,Excess of Loss,2023,2023-12-18,2024-12-17,INR,100.0,8100000.0,939999.99996,649322.89464,
T0147,13,3,5,5,Proportional,2021,2021-12-05,2022-12-04,USD,30.0,9300000.0,850000.0,763170.1,
T0638,37,1,1,8,Facultative,2024,2024-07-20,2025-07-19,USD,100.0,7600000.0,1060000.0,1115169.35,
T0087,22,4,5,2,Excess of Loss,2025,2025-04-20,2026-04-19,USD,100.0,22400000.0,2420000.0,1627661.62,
T0543,43,3,1,4,Excess of Loss,2025,2025-09-25,2026-09-24,USD,100.0,9700000.0,560000.0,997079.11,
T0432,9,5,1,6,Excess of Loss,2023,2023-04-06,2024-04-05,INR,100.0,16800000.0,1040000.0000400001,2010391.8272400002,
T0066,12,4,5,4,Proportional,2021,2021-02-01,2022-01-31,USD,25.0,12500000.0,2240000.0,1145701.69,
T0206,30,4,1,4,Proportional,2022,2022-01-14,2023-01-13,INR,10.0,7400000.000039999,470000.00004,862571.1995999999,
T0045,16,1,5,4,Excess of Loss,2023,2023-06-15,2024-06-14,USD,100.0,24200000.0,2130000.0,1774479.04,
T0028,23,1,5,8,Excess of Loss,2026,2026-03-11,2027-03-10,USD,100.0,9300000.0,910000.0,897772.44,
T0081,65,3,2,2,Excess of Loss,2024,2024-03-29,2025-03-28,EUR,100.0,1800000.0036,300000.00240000006,200000.0052,
T0438,46,2,5,1,Excess of Loss,2024,2024-08-21,2025-08-20,USD,100.0,27200000.0,1620000.0,1946131.79,
T0114,21,3,5,6,Excess of Loss,2024,2024-12-14,2025-12-13,USD,100.0,76000000.0,7790000.0,7056460.5,
T0205,64,1,5,8,Proportional,2023,2023-09-07,2024-09-06,USD,25.0,19900000.0,3770000.0,2279213.29,
T0520,50,5,2,7,Excess of Loss,2023,2023-11-02,2024-11-01,EUR,100.0,7799999.9976,710000.0028000001,1257729.4008000002,
T0671,67,1,5,2,Excess of Loss,2023,2023-03-30,2024-03-29,USD,100.0,12200000.0,2080000.0,1086314.36,
T0625,42,3,2,2,Facultative,2025,2025-10-10,2026-10-09,EUR,100.0,2300000.0004000003,200000.0052,200000.0052,
T0412,20,1,2,7,Proportional,2023,2023-04-20,2024-04-19,EUR,20.0,9200000.001600001,1220000.0004,827002.5588,
T0009,11,2,5,2,Excess of Loss,2023,2023-06-02,2024-06-01,USD,100.0,46700000.0,5660000.0,3468115.25,
T0074,45,4,5,5,Excess of Loss,2025,2025-12-17,2026-12-16,USD,100.0,58600000.0,11270000.0,4193146.62,
T0401,16,5,5,7,Proportional,2024,2024-05-26,2025-05-25,USD,15.0,6500000.0,800000.0,1199260.54,
T0119,12,1,5,7,Proportional,2023,2023-09-03,2024-09-02,USD,20.0,5800000.0,950000.0,497709.64,
T0207,33,5,2,2,Proportional,2022,2022-05-30,2023-05-29,EUR,10.0,15300000.003600001,2170000.0008,2486943.0432,
