treaty_id,as_of_date,sum_insured_usd,limit_exposure_usd,peak_zone
T0001,2026-09-30,111583636.14,31700000.0,California
T0002,2026-09-30,12689041.373200001,570000.003,Florida
T0003,2026-09-30,25638313.125600003,4839999.998400001,US Gulf Coast
T0004,2026-09-30,117861326.01575999,4580000.00004,Other
T0005,2026-09-30,32663130.3,920000.0,Europe Windstorm
T0006,2026-09-30,7129916.91,810000.0,Other
T0007,2026-09-30,47404652.35,2400000.0,Other
T0008,2026-09-30,10980288.87,400000.0,Europe Windstorm
T0009,2026-09-30,205698089.74,46700000.0,Europe Windstorm
T0010,2026-09-30,68224687.3,16200000.0,Florida
T0011,2026-09-30,47072938.3632,20400000.0012,US Gulf Coast
T0012,2026-09-30,42955918.06,14400000.0,Other
T0013,2026-09-30,14692923.71,720000.0,US Gulf Coast
T0014,2026-09-30,14543411.12,2800000.0,US Gulf Coast
T0015,2026-09-30,178837736.75,6860000.0,Other
T0016,2026-09-30,78153690.79,8775000.0,Japan
T0017,2026-09-30,22622537.358000003,7499999.995200001,Australia
T0018,2026-09-30,302091615.19,104100000.0,Florida
T0019,2026-09-30,16695437.94,760000.0,Europe Windstorm
T0020,2026-09-30,234989033.46,51700000.0,California
T0021,2026-09-30,54067327.41,23700000.0,Europe Windstorm
T0022,2026-09-30,80687015.85252,15000000.0,Europe Windstorm
T0023,2026-09-30,27435165.180600002,6600000.0,US Gulf Coast
T0024,2026-09-30,28834355.25,9300000.0,Other
T0025,2026-09-30,51763715.41,4200000.0,Japan
T0026,2026-09-30,152675604.5,26700000.0,Florida
T0027,2026-09-30,24779250.8,5400000.0,Florida
T0028,2026-09-30,47990931.33,9300000.0,US Gulf Coast
T0029,2026-09-30,30330973.7,11300000.0,Europe Windstorm
T0030,2026-09-30,49699914.15,8700000.0,US Gulf Coast
T0031,2026-09-30,34148808.30024,1890000.0,Europe Windstorm
T0032,2026-09-30,25171799.78,9400000.0,Other
T0033,2026-09-30,53089206.44,9700000.0,US Gulf Coast
T0034,2026-09-30,6470611.26,2500000.0,Other
T0035,2026-09-30,64846619.22,12900000.0,Other
T0036,2026-09-30,56124889.35,2760000.0,California
T0037,2026-09-30,43825766.22360001,2789999.9964,California
T0038,2026-09-30,42843111.08,8800000.0,US Gulf Coast
T0039,2026-09-30,63345890.81,14400000.0,Florida
T0040,2026-09-30,29616165.81,7400000.0,Europe Windstorm
T0041,2026-09-30,72843025.59,8450000.0,Florida
T0042,2026-09-30,40980072.56040001,12399999.9984,US Gulf Coast
T0043,2026-09-30,93800358.5688,19500000.0048,California
T0044,2026-09-30,37866598.16,1450000.0,Other
T0045,2026-09-30,59193539.3,24200000.0,Australia
T0046,2026-09-30,12345003.504000003,3099999.9996,Australia
T0047,2026-09-30,22231445.42,11000000.0,Florida
T0048,2026-09-30,19321909.3548,850000.0032000002,Europe Windstorm
T0049,2026-09-30,49817691.35,2840000.0,Japan
T0050,2026-09-30,61264717.6752,13100000.000400001,Australia
T0051,2026-09-30,87001000.54,18300000.0,US Gulf Coast
T0052,2026-09-30,28115721.53,1860000.0,California
T0053,2026-09-30,24980020.94,1380000.0,Europe Windstorm
T0054,2026-09-30,56037396.99600001,16500000.0024,California
T0055,2026-09-30,35012627.54,3150000.0,Europe Windstorm
T0056,2026-09-30,33162345.34,6700000.0,Australia
T0057,2026-09-30,10242009.640800001,1049999.9976000001,US Gulf Coast
T0058,2026-09-30,6891008.5,1150000.0,US Gulf Coast
T0059,2026-09-30,101994833.4,21900000.0,Japan
T0060,2026-09-30,15216109.43,5800000.0,Other
T0061,2026-09-30,21691221.28,6200000.0,US Gulf Coast
T0062,2026-09-30,20616612.66,680000.0,Australia
T0063,2026-09-30,13803060.5172,330000.0048,California
T0064,2026-09-30,70919162.57,5660000.0,Australia
T0065,2026-09-30,70695595.66596,14499999.99996,Australia
T0066,2026-09-30,44075766.4,3125000.0,California
T0067,2026-09-30,112799970.05688,7980000.0,California
T0068,2026-09-30,94077039.91,28600000.0,Florida
T0069,2026-09-30,20153081.57,3900000.0,Other
T0070,2026-09-30,62667979.89,15000000.0,California
T0071,2026-09-30,67154663.93040001,1810000.0044,Florida
T0072,2026-09-30,10679798.28,3400000.0,Europe Windstorm
T0073,2026-09-30,281339660.0808,33350000.0004,Australia
T0074,2026-09-30,325978911.13,58600000.0,Europe Windstorm
T0075,2026-09-30,82350464.36,3875000.0,Other
T0076,2026-09-30,93655423.098,19900000.0044,US Gulf Coast
T0077,2026-09-30,64559440.67,3120000.0,Florida
T0078,2026-09-30,129151001.05176,44100000.0,US Gulf Coast
T0079,2026-09-30,7587483.37,1300000.0,Australia
T0080,2026-09-30,79102152.4824,23800000.003200002,Japan
T0081,2026-09-30,8270244.666000001,1800000.0036,US Gulf Coast
T0082,2026-09-30,81210839.57,21600000.0,Other
T0083,2026-09-30,37773644.64324,1539999.99996,Europe Windstorm
T0084,2026-09-30,113396157.79,4215000.0,US Gulf Coast
T0085,2026-09-30,74972306.48472,16599999.99996,Florida
T0086,2026-09-30,39340691.13,11300000.0,Japan
T0087,2026-09-30,95859500.92,22400000.0,Australia
T0088,2026-09-30,38650175.39,6800000.0,Florida
T0089,2026-09-30,28038400.44,885000.0,US Gulf Coast
T0090,2026-09-30,168902640.78,2880000.0,US Gulf Coast
T0091,2026-09-30,139073782.37,9720000.0,US Gulf Coast
T0092,2026-09-30,20590194.502800003,4299999.9984,California
T0093,2026-09-30,27997702.62,11500000.0,US Gulf Coast
T0094,2026-09-30,49770883.4688,8300000.005200001,Florida
T0095,2026-09-30,52761224.67,4050000.0,Florida
T0096,2026-09-30,12551617.861200001,659999.9988000001,Other
T0097,2026-09-30,10735280.1576,3700000.0044000004,Europe Windstorm
T0098,2026-09-30,37256570.9892,7949999.998800001,Other
T0099,2026-09-30,26645286.19,5600000.0,Europe Windstorm
T0100,2026-09-30,185743980.25,36900000.0,Australia
T0101,2026-09-30,87796309.29,3775000.0,California
T0102,2026-09-30,33552607.46,2480000.0,Japan
T0103,2026-09-30,51830189.77680001,9600000.001200002,Florida
T0104,2026-09-30,6676325.35,480000.0,US Gulf Coast
T0105,2026-09-30,95373804.13,10100000.0,Japan
T0106,2026-09-30,34590264.83,5200000.0,Other
T0107,2026-09-30,106881915.64,6780000.0,Europe Windstorm
T0108,2026-09-30,99885613.43,31600000.0,Other
T0109,2026-09-30,35998851.46,10800000.0,Australia
T0110,2026-09-30,136262885.29,36800000.0,US Gulf Coast
T0111,2026-09-30,78392703.81960002,16800000.004800003,Florida
T0112,2026-09-30,9876906.21,4900000.0,Other
T0113,2026-09-30,51366784.96968,4350000.0,Florida
T0114,2026-09-30,301096050.21,76000000.0,US Gulf Coast
T0115,2026-09-30,30529991.44,1040000.0,Other
T0116,2026-09-30,57548909.17656,12600000.0,Other
T0117,2026-09-30,110383902.55,3615000.0,Florida
T0118,2026-09-30,181549946.85,37800000.0,Japan
T0119,2026-09-30,33592844.25,1160000.0,Europe Windstorm
T0120,2026-09-30,86675795.70120001,19500000.0048,Florida
T0121,2026-09-30,47500997.36,2490000.0,US Gulf Coast
T0122,2026-09-30,92424675.8,17800000.0,Other
T0123,2026-09-30,39935643.64,5820000.0,Florida
T0124,2026-09-30,149796328.46,40300000.0,California
T0125,2026-09-30,182417982.11,7840000.0,Other
T0126,2026-09-30,21361818.75,6100000.0,Japan
T0127,2026-09-30,124682126.2,60600000.0,Other
T0128,2026-09-30,14836199.544000002,4399999.9956,US Gulf Coast
T0129,2026-09-30,21593402.2,7000000.0,Europe Windstorm
T0130,2026-09-30,27334947.13,12700000.0,Other
T0131,2026-09-30,14806740.1896,4100000.004,Florida
T0132,2026-09-30,5754073.29,2600000.0,Europe Windstorm
T0133,2026-09-30,15266459.5698,3699999.9999599997,Other
T0134,2026-09-30,29862346.61,1380000.0,Japan
T0135,2026-09-30,41447005.77600001,8000000.002800001,US Gulf Coast
T0136,2026-09-30,59207869.38,2850000.0,California
T0137,2026-09-30,32417526.1,5900000.0,US Gulf Coast
T0138,2026-09-30,92435698.85,20900000.0,US Gulf Coast
T0139,2026-09-30,23719422.7692,4299999.9984,Other
T0140,2026-09-30,46288869.5196,21900000.002400003,Europe Windstorm
T0141,2026-09-30,83488274.32,6750000.0,US Gulf Coast
T0142,2026-09-30,21301117.5492,3719999.9952000002,Japan
T0143,2026-09-30,108870228.95,19700000.0,Other
T0144,2026-09-30,66205032.86,2350000.0,US Gulf Coast
T0145,2026-09-30,3466386.15,260000.0,Other
T0146,2026-09-30,56049391.724400006,21600000.0,Japan
T0147,2026-09-30,21258630.68,2790000.0,Other
T0148,2026-09-30,38268908.82636,8300000.000039999,Other
T0149,2026-09-30,48611775.88,11100000.0,Other
T0150,2026-09-30,271854897.36,21840000.0,US Gulf Coast
T0151,2026-09-30,185870615.05,6800000.0,Australia
T0152,2026-09-30,188781960.1417,56299999.9982,Other
T0153,2026-09-30,93339687.65,3165000.0,Japan
T0154,2026-09-30,42174161.31,6200000.0,US Gulf Coast
T0155,2026-09-30,19486258.42,8400000.0,Florida
T0156,2026-09-30,107612780.96,18800000.0,Europe Windstorm
T0157,2026-09-30,18531482.44,3800000.0,Australia
T0158,2026-09-30,24394385.31,6800000.0,California
T0159,2026-09-30,50279846.904,3440000.0052,US Gulf Coast
T0160,2026-09-30,31253786.16,12800000.0,Other
T0161,2026-09-30,15130793.671200002,3199999.9968000003,Other
T0162,2026-09-30,88671559.15,19900000.0,Other
T0163,2026-09-30,110898328.32,38600000.0,US Gulf Coast
T0164,2026-09-30,35427538.72800001,8999999.9964,Other
T0165,2026-09-30,41559863.756400004,8800000.002,US Gulf Coast
T0166,2026-09-30,11975973.84,500000.0,US Gulf Coast
T0167,2026-09-30,42111335.67,20400000.0,US Gulf Coast
T0168,2026-09-30,65370735.6,1905000.0,US Gulf Coast
T0169,2026-09-30,10537398.3672,3999999.9960000003,Florida
T0170,2026-09-30,56414513.09,11400000.0,US Gulf Coast
T0171,2026-09-30,8372959.53,3200000.0,California
T0172,2026-09-30,30692823.0804,649999.998,Europe Windstorm
T0173,2026-09-30,21600836.82,10500000.0,Other
T0174,2026-09-30,151814641.68,13250000.0,California
T0175,2026-09-30,34916441.45,12200000.0,US Gulf Coast
T0176,2026-09-30,61078933.4,13400000.0,Other
T0177,2026-09-30,11458152.37,3500000.0,US Gulf Coast
T0178,2026-09-30,54979642.41,15500000.0,Other
T0179,2026-09-30,99964467.04,11240000.0,Europe Windstorm
T0180,2026-09-30,10555919.470800001,4600000.0008000005,Other
T0181,2026-09-30,20056753.87,1820000.0,Australia
T0182,2026-09-30,31076240.6,6600000.0,Japan
T0183,2026-09-30,75809792.16,6400000.0,Other
T0184,2026-09-30,20585791.785600003,7600000.0032,Europe Windstorm
T0185,2026-09-30,191316589.902,62199999.997200005,Other
T0186,2026-09-30,358883393.3748,18299999.995200004,California
T0187,2026-09-30,33869679.921000004,16599999.99996,Other
T0188,2026-09-30,23314104.76,4800000.0,California
T0189,2026-09-30,14838424.22,3400000.0,Europe Windstorm
T0190,2026-09-30,23552108.84,5900000.0,Other
T0191,2026-09-30,75747287.21,12700000.0,Other
T0192,2026-09-30,94143521.24,10520000.0,California
T0193,2026-09-30,233399209.71,3980000.0,US Gulf Coast
T0194,2026-09-30,30267529.8264,1905000.0012,Australia
T0195,2026-09-30,82868946.1614,8160000.0,Other
T0196,2026-09-30,8647894.8972,1599999.9984000002,California
T0197,2026-09-30,22031823.27,1470000.0,Europe Windstorm
T0198,2026-09-30,36952374.55,9100000.0,Other
T0199,2026-09-30,23155584.1878,2025000.0,Australia
T0200,2026-09-30,250785417.25,62800000.0,California
T0201,2026-09-30,13087464.16,1425000.0,California
T0202,2026-09-30,16642841.31,6200000.0,Florida
T0203,2026-09-30,13686827.211000001,1590000.0,California
T0204,2026-09-30,89148645.56,2610000.0,Australia
T0205,2026-09-30,67920849.78,4975000.0,Europe Windstorm
T0206,2026-09-30,18478545.66696,740000.0000400001,Japan
T0207,2026-09-30,83721399.09840001,1530000.0036,Europe Windstorm
T0208,2026-09-30,45553373.37,3375000.0,California
T0209,2026-09-30,39930170.89,7500000.0,Other
T0210,2026-09-30,26763866.83,7300000.0,Other
T0211,2026-09-30,23726201.72,1425000.0,California
T0212,2026-09-30,49778561.02680001,23599999.998000003,Australia
T0213,2026-09-30,23266798.32,4700000.0,Australia
T0214,2026-09-30,71449241.71,13800000.0,Other
T0215,2026-09-30,139352967.11,16500000.0,US Gulf Coast
T0216,2026-09-30,20470642.26,4400000.0,US Gulf Coast
T0217,2026-09-30,93055265.38080001,1859999.9976000001,US Gulf Coast
T0218,2026-09-30,8392362.5556,1999999.9980000001,California
T0219,2026-09-30,8899766.44,4100000.0,Other
T0220,2026-09-30,24109695.792,4799999.995200001,Japan
T0221,2026-09-30,72733138.8,4350000.0,California
T0222,2026-09-30,39165305.1876,13000000.0032,US Gulf Coast
T0223,2026-09-30,70750268.78,12300000.0,US Gulf Coast
T0224,2026-09-30,58382118.53,14400000.0,Florida
T0225,2026-09-30,6984961.398,3300000.0048,Other
T0226,2026-09-30,69948364.69,3990000.0,California
T0227,2026-09-30,20699722.8,1000000.0,US Gulf Coast
T0228,2026-09-30,29349982.93,7300000.0,Japan
T0229,2026-09-30,25749724.83,2880000.0,US Gulf Coast
T0230,2026-09-30,333040425.42,91800000.0,Europe Windstorm
T0231,2026-09-30,121656438.63,6275000.0,Florida
T0232,2026-09-30,19476806.18,7500000.0,Japan
T0233,2026-09-30,63179574.3,12400000.0,Japan
T0234,2026-09-30,23647969.66,2280000.0,Japan
T0235,2026-09-30,14306773.7,5000000.0,Australia
T0236,2026-09-30,19495866.17,5100000.0,Australia
T0237,2026-09-30,65485313.93,4380000.0,Florida
T0238,2026-09-30,16106445.44,2850000.0,Japan
T0239,2026-09-30,182249872.84,9825000.0,Florida
T0240,2026-09-30,47525208.9696,21200000.0004,US Gulf Coast
T0241,2026-09-30,75032466.95,15200000.0,Florida
T0242,2026-09-30,40756039.56,2340000.0,Japan
T0243,2026-09-30,92951578.41,26100000.0,Other
T0244,2026-09-30,72001649.76,4600000.0,Other
T0245,2026-09-30,11349332.010000002,259999.99920000002,Other
T0246,2026-09-30,224558773.45920002,11760000.001200002,Other
T0247,2026-09-30,44800584.0715,14499999.9941,Florida
T0248,2026-09-30,57505406.74,13700000.0,California
T0249,2026-09-30,147398776.85,39900000.0,Japan
T0250,2026-09-30,19902956.8608,1999999.9980000001,Europe Windstorm
T0251,2026-09-30,61490045.72160001,14750000.0028,US Gulf Coast
T0252,2026-09-30,52234660.08,9800000.0,Florida
T0253,2026-09-30,10596989.9,2000000.0,California
T0254,2026-09-30,41530489.94,6200000.0,Other
T0255,2026-09-30,47014689.19416,8100000.0,Florida
T0256,2026-09-30,15325918.43,7100000.0,Florida
T0257,2026-09-30,76514830.24,13500000.0,Europe Windstorm
T0258,2026-09-30,511996273.29,95900000.0,Australia
T0259,2026-09-30,338034791.17080003,26839999.998000003,US Gulf Coast
T0260,2026-09-30,117899864.21,8010000.0,US Gulf Coast
T0261,2026-09-30,567883750.8996,15509999.9988,US Gulf Coast
T0262,2026-09-30,118760607.2916,48399999.99480001,Florida
T0263,2026-09-30,20497660.210800003,3899999.9988,Other
T0264,2026-09-30,111463080.37200001,20499999.998400003,Other
T0265,2026-09-30,58544376.24,14400000.0,US Gulf Coast
T0266,2026-09-30,115655067.62,3075000.0,California
T0267,2026-09-30,188702830.84,32100000.0,Other
T0268,2026-09-30,24217287.92,1300000.0,California
T0269,2026-09-30,40785518.78,3080000.0,Other
T0270,2026-09-30,23969677.7654,5449999.9966,Australia
T0271,2026-09-30,49509244.54800001,6059999.998800001,Australia
T0272,2026-09-30,307086104.31,18660000.0,Other
T0273,2026-09-30,18796414.8132,1520000.0028,US Gulf Coast
T0274,2026-09-30,34831190.97,7799999.9976,Other
T0275,2026-09-30,33043114.62,10700000.0,Other
T0276,2026-09-30,105071711.69,13680000.0,Florida
T0277,2026-09-30,50240947.06,10900000.0,California
T0278,2026-09-30,126469932.33,4560000.0,US Gulf Coast
T0279,2026-09-30,46626971.857200004,10599999.994800001,Other
T0280,2026-09-30,31109184.55,1920000.0,US Gulf Coast
T0281,2026-09-30,59234076.88920001,14900000.004000003,Other
T0282,2026-09-30,72884703.61,17700000.0,Japan
T0283,2026-09-30,634252945.5396,167400000.0,US Gulf Coast
T0284,2026-09-30,794292147.3168001,139600000.0008,Europe Windstorm
T0285,2026-09-30,49111054.28,13400000.0,Florida
T0286,2026-09-30,90644072.5656,17700000.0012,US Gulf Coast
T0287,2026-09-30,26507000.9844,3960000.0036000004,Other
T0288,2026-09-30,40500931.52,9300000.0,Florida
T0289,2026-09-30,75281019.53,19100000.0,Florida
T0290,2026-09-30,48729429.88,12600000.0,Australia
T0291,2026-09-30,63397271.96,25700000.0,US Gulf Coast
T0292,2026-09-30,54267246.18360001,11000000.0052,Europe Windstorm
T0293,2026-09-30,69271420.2552,3059999.9964,California
T0294,2026-09-30,430335025.48440003,78600000.00240001,California
T0295,2026-09-30,51950529.67,12400000.0,Florida
T0296,2026-09-30,46202801.54,2200000.0,US Gulf Coast
T0297,2026-09-30,36869065.6,5240000.0,US Gulf Coast
T0298,2026-09-30,27146943.093600005,1319999.9976000001,Other
T0299,2026-09-30,38277256.2426,8199999.999960001,Australia
T0300,2026-09-30,222695548.13,37300000.0,Europe Windstorm
T0301,2026-09-30,7591632.0,1600000.0,Europe Windstorm
T0302,2026-09-30,30691153.4976,10199999.9952,US Gulf Coast
T0303,2026-09-30,13023543.87,2800000.0,Florida
T0304,2026-09-30,34373195.41,6600000.0,Europe Windstorm
T0305,2026-09-30,64722436.94,6925000.0,US Gulf Coast
T0306,2026-09-30,74716887.21,16200000.0,Other
T0307,2026-09-30,44845128.41,10400000.0,Other
T0308,2026-09-30,33366028.53,8800000.0,Japan
T0309,2026-09-30,18509816.3904,5000000.0004,US Gulf Coast
T0310,2026-09-30,105697452.72,4750000.0,California
T0311,2026-09-30,102367023.03444,17100000.0,Japan
T0312,2026-09-30,32899961.08,9300000.0,Australia
T0313,2026-09-30,67008841.6,7500000.0,Japan
T0314,2026-09-30,27481102.75,2450000.0,California
T0315,2026-09-30,10804869.41,420000.0,California
T0316,2026-09-30,80434318.49,2780000.0,Japan
T0317,2026-09-30,47653944.77,7120000.0,Other
T0318,2026-09-30,140728876.794,38900000.001600005,US Gulf Coast
T0319,2026-09-30,14285692.26,3400000.0,US Gulf Coast
T0320,2026-09-30,24882171.18,5100000.0,US Gulf Coast
T0321,2026-09-30,78893129.37,2560000.0,Japan
T0322,2026-09-30,17266954.72,3400000.0,Other
T0323,2026-09-30,43389885.43,10100000.0,Europe Windstorm
T0324,2026-09-30,257436544.0,58800000.0,US Gulf Coast
T0325,2026-09-30,41035975.17,7800000.0,California
T0326,2026-09-30,21433156.54,6800000.0,US Gulf Coast
T0327,2026-09-30,21379507.8006,2490000.0,Europe Windstorm
T0328,2026-09-30,17785387.92,645000.0,Japan
T0329,2026-09-30,76668309.02,1920000.0,US Gulf Coast
T0330,2026-09-30,5510881.86,2400000.0,Other
T0331,2026-09-30,45728072.37,3270000.0,Other
T0332,2026-09-30,40549911.0768,10599999.994800001,Europe Windstorm
T0333,2026-09-30,253399107.6,42500000.0,Other
T0334,2026-09-30,28202925.33,8600000.0,Other
T0335,2026-09-30,32008235.51,3630000.0,Florida
T0336,2026-09-30,30113726.69,6000000.0,Other
T0337,2026-09-30,11557437.13,2300000.0,US Gulf Coast
T0338,2026-09-30,31526950.06,14000000.0,Other
T0339,2026-09-30,23161674.5244,1230000.0012,Florida
T0340,2026-09-30,21647141.21,9600000.0,California
T0341,2026-09-30,26520949.16,4650000.0,US Gulf Coast
T0342,2026-09-30,220375377.0,8000000.002800001,Florida
T0343,2026-09-30,35267794.73,10300000.0,Other
T0344,2026-09-30,48945323.8,19800000.0,Other
T0345,2026-09-30,17387711.7804,1680000.0048000002,Florida
T0346,2026-09-30,32551434.7164,4169999.9988,California
T0347,2026-09-30,54216557.19360001,10099999.998,Australia
T0348,2026-09-30,15367594.74,1000000.0,US Gulf Coast
T0349,2026-09-30,96370430.82,5520000.0,Europe Windstorm
T0350,2026-09-30,24343427.05884,2250000.0,Other
T0351,2026-09-30,62528718.77292,5520000.0,Florida
T0352,2026-09-30,161556978.52,48300000.0,Australia
T0353,2026-09-30,22118868.8,1760000.0,US Gulf Coast
T0354,2026-09-30,161704754.14,31400000.0,Europe Windstorm
T0355,2026-09-30,86387658.57,17400000.0,California
T0356,2026-09-30,129355317.8,29600000.0,Other
T0357,2026-09-30,255810481.91628,15480000.0,US Gulf Coast
T0358,2026-09-30,94160440.97,4980000.0,US Gulf Coast
T0359,2026-09-30,24162071.98,3200000.0,California
T0360,2026-09-30,76092335.61,12900000.0,US Gulf Coast
T0361,2026-09-30,19851406.83,2360000.0,Other
T0362,2026-09-30,25146702.74,4500000.0,Florida
T0363,2026-09-30,247177148.19480002,49300000.002000004,Australia
T0364,2026-09-30,85106684.9124,16800000.004800003,Other
T0365,2026-09-30,118260083.17080002,22600000.0044,California
T0366,2026-09-30,43554366.96,16600000.0,Other
T0367,2026-09-30,39237644.53,11500000.0,California
T0368,2026-09-30,53190763.1001,3180000.0026999996,Florida
T0369,2026-09-30,85062060.62,5525000.0,Other
T0370,2026-09-30,128211499.3716,24099999.9948,California
T0371,2026-09-30,24540472.58,1950000.0,Florida
T0372,2026-09-30,201895696.61640003,52400000.001600005,Other
T0373,2026-09-30,42802168.58,2190000.0,Other
T0374,2026-09-30,23308850.142,3240000.0,Florida
T0375,2026-09-30,37034933.38,8800000.0,California
T0376,2026-09-30,42989066.63,860000.0,US Gulf Coast
T0377,2026-09-30,22760873.16,4200000.0,Florida
T0378,2026-09-30,6472120.28196,1149999.99996,US Gulf Coast
T0379,2026-09-30,17624215.38,3100000.0,Australia
T0380,2026-09-30,124559485.23600002,22099999.9968,Other
T0381,2026-09-30,116803527.88,21100000.0,US Gulf Coast
T0382,2026-09-30,12121263.1764,1959999.9948000002,California
T0383,2026-09-30,62360801.78,3060000.0,Other
T0384,2026-09-30,63000961.185600005,2200000.0032,Other
T0385,2026-09-30,201753335.03,12990000.0,California
T0386,2026-09-30,99854932.06440002,4119999.9948000005,Japan
T0387,2026-09-30,32849246.16,2360000.0,Europe Windstorm
T0388,2026-09-30,215753897.66,45700000.0,California
T0389,2026-09-30,92901668.22,19200000.0,Australia
T0390,2026-09-30,86258741.9796,15500000.000040002,Florida
T0391,2026-09-30,18509258.925,3999999.9999599997,Other
T0392,2026-09-30,100207595.86,1890000.0,US Gulf Coast
T0393,2026-09-30,14305186.8,1050000.0,California
T0394,2026-09-30,83294150.32,14000000.0,Japan
T0395,2026-09-30,15582555.32,2600000.0,California
T0396,2026-09-30,38964733.19,3760000.0,US Gulf Coast
T0397,2026-09-30,102259856.85528,17600000.000040002,US Gulf Coast
T0398,2026-09-30,41210379.7632,2099999.9952000002,California
T0399,2026-09-30,44943723.27,14400000.0,Europe Windstorm
T0400,2026-09-30,273047559.66,11000000.0,Other
T0401,2026-09-30,29572173.55,975000.0,California
T0402,2026-09-30,62865704.94072001,16700000.000040002,Other
T0403,2026-09-30,14560132.42,1300000.0,California
T0404,2026-09-30,267965450.14,52800000.0,Other
T0405,2026-09-30,71861793.33,21500000.0,Florida
T0406,2026-09-30,46297849.7206,1210000.0057,US Gulf Coast
T0407,2026-09-30,168599258.2288,32700000.005,Japan
T0408,2026-09-30,110385106.85,5750000.0,Other
T0409,2026-09-30,18153191.1024,2610000.0036,Europe Windstorm
T0410,2026-09-30,102976486.98,38200000.0,US Gulf Coast
T0411,2026-09-30,91290116.62080002,2340000.0036,Florida
T0412,2026-09-30,40589779.0068,1839999.996,Japan
T0413,2026-09-30,29596409.196700003,14400000.0036,Europe Windstorm
T0414,2026-09-30,40503622.15,4050000.0,Other
T0415,2026-09-30,84807062.60616,17499999.999959998,Europe Windstorm
T0416,2026-09-30,15552131.46,3400000.0,Other
T0417,2026-09-30,182822239.37160003,35199999.997200005,Other
T0418,2026-09-30,14225942.09,5400000.0,US Gulf Coast
T0419,2026-09-30,18987705.88,3600000.0,California
T0420,2026-09-30,23349851.7912,10899999.997200001,Florida
T0421,2026-09-30,25945641.7,11700000.0,Japan
T0422,2026-09-30,218990123.26,39700000.0,Europe Windstorm
T0423,2026-09-30,143980611.27,31200000.0,California
T0424,2026-09-30,93269498.24,31800000.0,US Gulf Coast
T0425,2026-09-30,39451131.7,3240000.0,Other
T0426,2026-09-30,28103928.07,1250000.0,Florida
T0427,2026-09-30,76915698.18,13360000.0,Other
T0428,2026-09-30,127438120.84,12050000.0,Other
T0429,2026-09-30,33962611.88,2625000.0,US Gulf Coast
T0430,2026-09-30,88778733.22,15500000.0,US Gulf Coast
T0431,2026-09-30,47252896.56,15300000.0,Other
T0432,2026-09-30,84210040.99824001,16800000.0,US Gulf Coast
T0433,2026-09-30,38138597.97,4000000.0,US Gulf Coast
T0434,2026-09-30,50970902.69160001,14699999.9988,California
T0435,2026-09-30,60397199.44,5100000.0,Other
T0436,2026-09-30,89418108.62,3285000.0,Europe Windstorm
T0437,2026-09-30,43986695.5,11000000.0,Japan
T0438,2026-09-30,148409339.23,27200000.0,US Gulf Coast
T0439,2026-09-30,134841301.87,23800000.0,Other
T0440,2026-09-30,83648675.74,14000000.0,Other
T0441,2026-09-30,37222310.91,15100000.0,US Gulf Coast
T0442,2026-09-30,133424472.7,28000000.0,Europe Windstorm
T0443,2026-09-30,106507391.17,19000000.0,Other
T0444,2026-09-30,63290530.86,17900000.0,Florida
T0445,2026-09-30,48450558.65,11700000.0,Australia
T0446,2026-09-30,32593013.14,12100000.0,Europe Windstorm
T0447,2026-09-30,159362255.81160003,13240000.0008,Florida
T0448,2026-09-30,47801145.762,8000000.002800001,Other
T0449,2026-09-30,119548847.56044002,20400000.0,Europe Windstorm
T0450,2026-09-30,987008311.06,33885000.0,Europe Windstorm
T0451,2026-09-30,9272693.09,270000.0,California
T0452,2026-09-30,22845316.97,1200000.0,Japan
T0453,2026-09-30,307008011.46,60300000.0,Europe Windstorm
T0454,2026-09-30,27675961.35,7900000.0,US Gulf Coast
T0455,2026-09-30,29589934.71,10300000.0,Florida
T0456,2026-09-30,307154533.17,69200000.0,US Gulf Coast
T0457,2026-09-30,22432087.31,7200000.0,Other
T0458,2026-09-30,14815461.43,3250000.0,US Gulf Coast
T0459,2026-09-30,54663548.84,9800000.0,Other
T0460,2026-09-30,49621612.64040001,21699999.9972,US Gulf Coast
T0461,2026-09-30,46482791.46,17000000.0,US Gulf Coast
T0462,2026-09-30,248889814.29709998,54900000.004200004,Other
T0463,2026-09-30,116670951.65,48900000.0,Australia
T0464,2026-09-30,138530914.44,6200000.0,Japan
T0465,2026-09-30,49338303.36372,2700000.0,Japan
T0466,2026-09-30,92227281.27,19600000.0,Other
T0467,2026-09-30,69432709.734,1530000.0036,Europe Windstorm
T0468,2026-09-30,146127255.18,14350000.0,Japan
T0469,2026-09-30,16264954.33,3200000.0,US Gulf Coast
T0470,2026-09-30,154313856.378,40800000.0024,US Gulf Coast
T0471,2026-09-30,28087246.9188,1120000.0032000002,Florida
T0472,2026-09-30,31618265.83,1005000.0,Florida
T0473,2026-09-30,73184608.9391,13500000.0002,Other
T0474,2026-09-30,185602714.71,8950000.0,Australia
T0475,2026-09-30,60115671.81,20800000.0,US Gulf Coast
T0476,2026-09-30,47839131.66240001,8899999.999200001,Japan
T0477,2026-09-30,53086371.343200006,1080000.0,US Gulf Coast
T0478,2026-09-30,28717555.43,1830000.0,Other
T0479,2026-09-30,13744446.4506,4699999.998,Europe Windstorm
T0480,2026-09-30,39778215.3936,8700000.0048,Other
T0481,2026-09-30,36602095.89,6800000.0,Other
T0482,2026-09-30,65812774.08,19700000.0,Europe Windstorm
T0483,2026-09-30,7226970.26,2400000.0,Japan
T0484,2026-09-30,74842228.7892,30999999.996000003,US Gulf Coast
T0485,2026-09-30,372356946.756,80900000.0028,Other
T0486,2026-09-30,19604313.94,4700000.0,US Gulf Coast
T0487,2026-09-30,50604836.04,16900000.0,California
T0488,2026-09-30,104265476.85,43500000.0,Japan
T0489,2026-09-30,143213618.0088,43400000.0052,Other
T0490,2026-09-30,33876069.5772,8499999.9996,US Gulf Coast
T0491,2026-09-30,41551947.15,10900000.0,Florida
T0492,2026-09-30,92933845.13,6120000.0,California
T0493,2026-09-30,40246037.98,1860000.0,Europe Windstorm
T0494,2026-09-30,46372345.4314,869999.9999,Other
T0495,2026-09-30,62808809.06508,21200000.000040002,Florida
T0496,2026-09-30,66960623.5,1250000.0,Japan
T0497,2026-09-30,63976918.39,26800000.0,California
T0498,2026-09-30,76895555.41,1400000.0,Europe Windstorm
T0499,2026-09-30,39181907.120400004,3039999.9948000005,Europe Windstorm
T0500,2026-09-30,120072620.77,17400000.0,Australia
T0501,2026-09-30,57462632.14,1905000.0,Australia
T0502,2026-09-30,7066303.66056,2300000.00004,Other
T0503,2026-09-30,31942068.22,1095000.0,Other
T0504,2026-09-30,116214229.2,27000000.0,Japan
T0505,2026-09-30,287635815.82,81100000.0,US Gulf Coast
T0506,2026-09-30,35240568.1344,1650000.0024,Australia
T0507,2026-09-30,41522080.74,1520000.0,Florida
T0508,2026-09-30,15079861.96,5700000.0,Japan
T0509,2026-09-30,51537614.94,4425000.0,Other
T0510,2026-09-30,15079454.36,580000.0,Japan
T0511,2026-09-30,149848893.9,3850000.0,Other
T0512,2026-09-30,35997578.77680001,6999999.998400001,US Gulf Coast
T0513,2026-09-30,125963726.01,7025000.0,California
T0514,2026-09-30,28201234.82,8900000.0,Japan
T0515,2026-09-30,29722521.952800002,5079999.996,California
T0516,2026-09-30,67072149.37,23800000.0,Florida
T0517,2026-09-30,14052338.0496,1100000.0016,Other
T0518,2026-09-30,258038983.68,7110000.0,Australia
T0519,2026-09-30,16161111.252000002,705000.0024000001,Australia
T0520,2026-09-30,31656991.892400004,7799999.9976,Europe Windstorm
T0521,2026-09-30,131351640.02,12760000.0,Other
T0522,2026-09-30,8437200.4,3100000.0,US Gulf Coast
T0523,2026-09-30,31456776.1788,10400000.000400001,Japan
T0524,2026-09-30,54159455.74,990000.0,Other
T0525,2026-09-30,136738104.15,12760000.0,Other
T0526,2026-09-30,81319728.8592,15199999.995600002,US Gulf Coast
T0527,2026-09-30,83468285.41679999,14600000.001600001,Florida
T0528,2026-09-30,8906935.23,3700000.0,US Gulf Coast
T0529,2026-09-30,452026045.4,81800000.0,Japan
T0530,2026-09-30,6596877.72,300000.0,Australia
T0531,2026-09-30,6343009.884000001,259999.99920000002,Other
T0532,2026-09-30,55977555.8376,9500000.004,US Gulf Coast
T0533,2026-09-30,156561396.03,21500000.0,Other
T0534,2026-09-30,11780785.08,1080000.0,Other
T0535,2026-09-30,84100648.93,27200000.0,Florida
T0536,2026-09-30,79655411.28,16500000.0,US Gulf Coast
T0537,2026-09-30,40613634.72,6800000.0,Other
T0538,2026-09-30,296891977.56,62500000.0,Europe Windstorm
T0539,2026-09-30,158550206.31,42800000.0,Florida
T0540,2026-09-30,86128307.56,18600000.0,Europe Windstorm
T0541,2026-09-30,149000548.62,10680000.0,US Gulf Coast
T0542,2026-09-30,27391268.59,650000.0,Japan
T0543,2026-09-30,33554210.74,9700000.0,Australia
T0544,2026-09-30,136764089.24,21320000.0,Other
T0545,2026-09-30,201403145.4444,18299999.995200004,Europe Windstorm
T0546,2026-09-30,93671191.23,16300000.0,Other
T0547,2026-09-30,11111149.5552,1100000.0016,Other
T0548,2026-09-30,34939918.28,1080000.0,Europe Windstorm
T0549,2026-09-30,17614685.33,875000.0,California
T0550,2026-09-30,31883112.72,1185000.0,Europe Windstorm
T0551,2026-09-30,49044751.77600001,7560000.000000001,US Gulf Coast
T0552,2026-09-30,24000927.78,9900000.0,US Gulf Coast
T0553,2026-09-30,84407049.54,8280000.0,Other
T0554,2026-09-30,3624033.852,1299999.996,California
T0555,2026-09-30,22248249.49,6000000.0,Florida
T0556,2026-09-30,40773389.62,6800000.0,US Gulf Coast
T0557,2026-09-30,27740928.384000003,649999.998,Other
T0558,2026-09-30,18712489.23,1560000.0,Australia
T0559,2026-09-30,107760759.01,32900000.0,US Gulf Coast
T0560,2026-09-30,56172408.23364001,16400000.000040002,Japan
T0561,2026-09-30,32054981.55,1450000.0,Australia
T0562,2026-09-30,25730596.57,2730000.0,Florida
T0563,2026-09-30,113526807.41,20700000.0,Florida
T0564,2026-09-30,181217887.34004,42099999.99996,US Gulf Coast
T0565,2026-09-30,55650988.37,5000000.0,US Gulf Coast
T0566,2026-09-30,58505336.834400006,24300000.0,Other
T0567,2026-09-30,50356021.52892,6800000.000039999,Europe Windstorm
T0568,2026-09-30,53381716.329,1605000.0,Other
T0569,2026-09-30,119273298.18,4050000.0,Other
T0570,2026-09-30,124691444.44284,15549999.99996,Other
T0571,2026-09-30,9221761.54,3200000.0,Other
T0572,2026-09-30,44417499.174,11100000.0024,US Gulf Coast
T0573,2026-09-30,194268625.62,32600000.0,California
T0574,2026-09-30,21426092.46,1080000.0,Other
T0575,2026-09-30,13429667.68,3200000.0,Japan
T0576,2026-09-30,18572526.81,4900000.0,US Gulf Coast
T0577,2026-09-30,220508933.06160003,6795000.0036,US Gulf Coast
T0578,2026-09-30,14385711.716200002,5799999.9951,US Gulf Coast
T0579,2026-09-30,45209999.82,3210000.0,Australia
T0580,2026-09-30,79721892.8136,25400000.0016,Australia
T0581,2026-09-30,62242867.33,23100000.0,US Gulf Coast
T0582,2026-09-30,36952371.774,15099999.9984,Other
T0583,2026-09-30,20805659.0363,8800000.0022,US Gulf Coast
T0584,2026-09-30,14707747.18,2500000.0,US Gulf Coast
T0585,2026-09-30,14692498.880400002,1709999.9964000003,Europe Windstorm
T0586,2026-09-30,12597807.6684,374999.9976,US Gulf Coast
T0587,2026-09-30,59876687.224800006,10300000.0032,US Gulf Coast
T0588,2026-09-30,47223782.2656,18699999.9948,US Gulf Coast
T0589,2026-09-30,45563512.5,9399999.996,Europe Windstorm
T0590,2026-09-30,61582945.35,2440000.0,Florida
T0591,2026-09-30,71367769.1,13700000.0,US Gulf Coast
T0592,2026-09-30,49178786.52,10200000.0,US Gulf Coast
T0593,2026-09-30,151956240.12,7620000.0,US Gulf Coast
T0594,2026-09-30,27856442.538000003,1879999.9992000002,Other
T0595,2026-09-30,46306155.6,8400000.002400002,US Gulf Coast
T0596,2026-09-30,66821166.194400005,2129999.9976,California
T0597,2026-09-30,42999041.8,19500000.0,California
T0598,2026-09-30,39446946.44,16100000.0,Other
T0599,2026-09-30,5800329.85,190000.0,Europe Windstorm
T0600,2026-09-30,59335953.07,17300000.0,Japan
T0601,2026-09-30,115450475.36400001,5379999.998400001,US Gulf Coast
T0602,2026-09-30,96457396.81,3840000.0,California
T0603,2026-09-30,42448517.97912,16899999.999959998,Australia
T0604,2026-09-30,41890632.9696,3680000.0028000004,Europe Windstorm
T0605,2026-09-30,27384927.59,1750000.0,California
T0606,2026-09-30,37089047.2848,2369999.9971,Other
T0607,2026-09-30,78067783.638,21999999.999600004,US Gulf Coast
T0608,2026-09-30,19044564.98,2430000.0,Other
T0609,2026-09-30,28045699.46,2070000.0,California
T0610,2026-09-30,149014890.55,20350000.0,Other
T0611,2026-09-30,4595068.76,2200000.0,Japan
T0612,2026-09-30,199949763.59,37800000.0,US Gulf Coast
T0613,2026-09-30,41504956.13,2370000.0,Other
T0614,2026-09-30,6855086.55,1800000.0,Europe Windstorm
T0615,2026-09-30,207973555.992,7119999.9972,US Gulf Coast
T0616,2026-09-30,19582333.9776,710000.0028000001,Japan
T0617,2026-09-30,31275591.503879998,1770000.0,US Gulf Coast
T0618,2026-09-30,14545990.141200002,4100000.004,Europe Windstorm
T0619,2026-09-30,18243750.27,2460000.0,Europe Windstorm
T0620,2026-09-30,43880851.37,3000000.0,Other
T0621,2026-09-30,97974662.1192,9699999.9984,Australia
T0622,2026-09-30,52564500.93384,3450000.0,Europe Windstorm
T0623,2026-09-30,75155012.16,13400000.0,Other
T0624,2026-09-30,33694259.56,590000.0,Australia
T0625,2026-09-30,9071590.6152,2300000.0004000003,US Gulf Coast
T0626,2026-09-30,48948319.558800004,10400000.000400001,Florida
T0627,2026-09-30,26458926.94,3060000.0,US Gulf Coast
T0628,2026-09-30,321712648.9488,84300000.0048,Japan
T0629,2026-09-30,30697284.13,5300000.0,Australia
T0630,2026-09-30,32940560.57,7000000.0,California
T0631,2026-09-30,6825437.34,2700000.0,Other
T0632,2026-09-30,27111062.33,5100000.0,Japan
T0633,2026-09-30,41920081.0,12700000.0,Europe Windstorm
T0634,2026-09-30,40711462.59,8700000.0,California
T0635,2026-09-30,60167785.273200005,10800000.0,California
T0636,2026-09-30,61665944.360400006,1545000.0048000002,US Gulf Coast
T0637,2026-09-30,13025072.63,2800000.0,Europe Windstorm
T0638,2026-09-30,36516780.47,7600000.0,Europe Windstorm
T0639,2026-09-30,82262471.81,8960000.0,Europe Windstorm
T0640,2026-09-30,366982639.85880005,31709999.998800002,Other
T0641,2026-09-30,12759941.97,3050000.0,US Gulf Coast
T0642,2026-09-30,128876590.83600001,43699999.996800005,California
T0643,2026-09-30,76700036.2248,15700000.0032,Japan
T0644,2026-09-30,39707989.22,12500000.0,Other
T0645,2026-09-30,25039137.636,9200000.001600001,California
T0646,2026-09-30,128526151.8312,27000000.0,California
T0647,2026-09-30,148117402.75,31500000.0,California
T0648,2026-09-30,247054996.10160002,23000000.004,Australia
T0649,2026-09-30,193147285.61,18550000.0,Other
T0650,2026-09-30,26286122.68,680000.0,Europe Windstorm
T0651,2026-09-30,11893568.17,3900000.0,California
T0652,2026-09-30,117166298.70924,28899999.999959998,Europe Windstorm
T0653,2026-09-30,154057898.33,31100000.0,California
T0654,2026-09-30,21901498.95,7200000.0,Other
T0655,2026-09-30,38739398.5584,10800000.0,California
T0656,2026-09-30,75933962.25,12900000.0,Other
T0657,2026-09-30,62885522.7,19600000.0,Japan
T0658,2026-09-30,31524499.97,6100000.0,US Gulf Coast
T0659,2026-09-30,21375045.3744,6599999.998800001,Europe Windstorm
T0660,2026-09-30,81895655.35,20800000.0,Florida
T0661,2026-09-30,40194530.4564,17700000.0012,US Gulf Coast
T0662,2026-09-30,23947966.18,11700000.0,Japan
T0663,2026-09-30,220168211.27040002,53299999.998,Other
T0664,2026-09-30,86492746.95,25500000.0,Other
T0665,2026-09-30,30987074.87,11600000.0,Europe Windstorm
T0666,2026-09-30,69087199.8619,16199999.9977,Florida
T0667,2026-09-30,24002795.91,5000000.0,Florida
T0668,2026-09-30,34312853.33004,6099999.99996,Europe Windstorm
T0669,2026-09-30,27006920.0,5200000.0,Other
T0670,2026-09-30,72431991.67,5700000.0,Florida
T0671,2026-09-30,64123587.92,12200000.0,Europe Windstorm
T0672,2026-09-30,167572086.77,9375000.0,Other
T0673,2026-09-30,51002531.9064,14900000.004000003,US Gulf Coast
T0674,2026-09-30,16357877.964000002,4600000.0008000005,Other
T0675,2026-09-30,40661104.35,14500000.0,Europe Windstorm
T0676,2026-09-30,69469494.21,13000000.0,Australia
T0677,2026-09-30,43997066.65,4200000.0,Australia
T0678,2026-09-30,94892206.30944,16299999.99996,Florida
T0679,2026-09-30,34111348.55,1975000.0,Florida
T0680,2026-09-30,137269359.25,23700000.0,Other
T0681,2026-09-30,51048352.59,15800000.0,Other
T0682,2026-09-30,23294557.13,6800000.0,Japan
T0683,2026-09-30,21586867.99,5500000.0,California
T0684,2026-09-30,63090111.6,21100000.0,Europe Windstorm
T0685,2026-09-30,144447967.25640002,4394999.9952,California
T0686,2026-09-30,63044097.15,12900000.0,Florida
T0687,2026-09-30,291545951.64,19520000.0,US Gulf Coast
T0688,2026-09-30,50719185.061299995,9499999.9992,Europe Windstorm
T0689,2026-09-30,216136493.79930001,63500000.0,California
T0690,2026-09-30,34205416.55,1500000.0,Australia
T0691,2026-09-30,65883827.58,18500000.0,Florida
T0692,2026-09-30,68602729.7556,12300000.001200002,Australia
T0693,2026-09-30,21598006.98,1100000.0,Australia
T0694,2026-09-30,88163336.85,36000000.0,Other
T0695,2026-09-30,58730522.5584,4949999.9964000005,Other
T0696,2026-09-30,43603196.18,12000000.0,Australia
T0697,2026-09-30,25631157.272400003,1215000.0,US Gulf Coast
T0698,2026-09-30,13456730.83,720000.0,Europe Windstorm
T0699,2026-09-30,160501367.93,27700000.0,Other
T0700,2026-09-30,18232865.1108,5199999.9947999995,Europe Windstorm
