year_month,gwp,earned,claims,incurred,gwp_mom_growth,incurred_rolling_3m
2021-01,2106617.9696,2106617.9696,6,2827456.6376,,2827456.6376
2021-02,3612733.1008,3612733.1008,12,1321189.0512,0.7149445950496558,2074322.8444
2021-03,4551548.9392,4551548.9392,20,2977977.3316,0.2598630488900797,2375541.0068
2021-04,5630641.7784,5630641.7784,28,5338883.3964,0.23708255225080954,3212683.2597333337
2021-05,7509970.0816,7509970.0816,33,5987392.5468,0.33376804583971054,4768084.424933333
2021-06,7981185.5916,7981185.5916,35,5381402.3304,0.06274532453258552,5569226.091200001
2021-07,9120034.4616,9120034.4616,34,4290959.6344,0.14269169121923575,5219918.170533333
2021-08,9680425.751600001,9680425.751600001,37,3809973.7592,0.06144618119147838,4494111.908
2021-09,10188830.5952,10188830.5952,42,4412202.2852,0.052518851613108986,4171045.226266667
2021-10,11016307.4704,11016307.4704,45,4636055.345600001,0.08121411652381649,4286077.13
2021-11,11466857.8904,11466857.8904,47,5933452.6408,0.04089849717889549,4993903.423866667
2021-12,11591616.3604,11591616.3604,44,5112777.0896,0.010879917689086138,5227428.358666667
2022-01,10601887.60604,10601887.60604,54,12877405.8032,-0.08538315309857669,7974545.1778666675
2022-02,12089028.73044,12089028.73044,49,8139620.761600001,0.14027135352319342,8709934.551466668
2022-03,13216454.024840001,13216454.024840001,43,6709386.17,0.0932602047310187,9242137.578266667
2022-04,13262081.63604,13262081.63604,62,6538706.70684,0.003452333819210729,7129237.879480001
2022-05,12944342.46244,12944342.46244,52,4387566.3032,-0.023958469139304328,5878553.060013334
2022-06,16265169.95492,16265169.95492,57,11091095.28224,0.2565466343397427,7339122.764093333
2022-07,16328990.85028,16328990.85028,85,12526225.6662,0.003923776728855799,9334962.417213334
2022-08,17212049.95228,17212049.95228,86,8415069.68452,0.05407922082244654,10677463.54432
2022-09,18088898.98788,18088898.98788,85,19468802.11964,0.05094390488239586,13470032.490120001
2022-10,18999000.68428,18999000.68428,86,12103448.8136,0.0503127192544881,13329106.872586668
2022-11,19641143.74248,19641143.74248,95,12747419.07862,0.03379878072909981,14773223.337286666
2022-12,20410655.97096,20410655.97096,125,17162214.31864,0.03917858545150277,14004360.736953333
2023-01,22392208.53642,22392208.53642,101,14249163.86314,0.0970842175910136,14719599.0868
2023-02,19691240.552020002,19691240.552020002,97,11424743.12884,-0.12062088382246816,14278707.103540001
2023-03,18903568.31854,18903568.31854,101,13294900.86834,-0.0400011482973428,12989602.620106667
2023-04,18632118.086740002,18632118.086740002,83,7785917.44484,-0.014359735010123331,10835187.14734
2023-05,19096826.99946,19096826.99946,105,11114244.31004,0.024941282067695747,10731687.541073333
2023-06,16848869.35178,16848869.35178,83,8265336.60096,-0.1177136729438647,9055166.118613334
2023-07,17026406.17642,17026406.17642,85,10197019.38546,0.01053701710977073,9858866.765486667
2023-08,17496915.74402,17496915.74402,88,11212929.77766,0.027634109202188117,9891761.92136
2023-09,17018457.237,17018457.237,92,10153713.412,-0.027345305539550613,10521220.858373335
2023-10,16806303.71988,16806303.71988,89,8220938.02134,-0.012466083979619236,9862527.070333334
2023-11,17584247.42456,17584247.42456,67,9149678.67712,0.04628880434665583,9174776.703486668
2023-12,18201864.56464,18201864.56464,97,12433585.49158,0.035123319478397086,9934734.063346667
2024-01,17290222.27024,17290222.27024,107,13499355.68272,-0.05008510480684536,11694206.61714
2024-02,18316806.59244,18316806.59244,82,10219661.71972,0.05937369145143734,12050867.631339999
2024-03,18831680.19968,18831680.19968,104,10370083.03418,0.02810935435942774,11363033.478873333
2024-04,19346638.34108,19346638.34108,97,16475296.36668,0.027345310452369986,12355013.70686
2024-05,20006764.41604,20006764.41604,86,10223191.80318,0.03412097044054985,12356190.401346667
2024-06,20665838.39324,20665838.39324,84,10088640.19476,0.032942557001951034,12262376.12154
2024-07,19872568.04644,19872568.04644,96,22656766.23794,-0.03838558744655074,14322866.078626668
2024-08,20901058.323,20901058.323,101,16959232.72586,0.05175427122234666,16568213.052853333
2024-09,21815170.402540002,21815170.402540002,98,18057367.58762,0.043735205433788726,19224455.51714
2024-10,21883352.40126,21883352.40126,117,16812742.87496,0.0031254396579023513,17276447.729480002
2024-11,24055104.76786,24055104.76786,115,15608190.2952,0.09924221512216547,16826100.252593335
2024-12,26539320.75926,26539320.75926,109,16148450.2969,0.10327188409169419,16189794.48902
2025-01,25708057.52976,25708057.52976,102,15444006.57866,-0.03132194817796752,15733549.05692
2025-02,26684552.30644,26684552.30644,103,11263834.36572,0.03798399686750331,14285430.41376
2025-03,28836514.97836,28836514.97836,114,30182198.9923,0.08064451099674819,18963346.64556
2025-04,28077433.74796,28077433.74796,106,17693623.09538,-0.026323611954136683,19713218.8178
2025-05,27005942.07198,27005942.07198,118,21387564.15982,-0.038162023124989175,23087795.415833335
2025-06,27180733.8227,27180733.8227,102,22407741.49678,0.006472344132788299,20496309.583993334
2025-07,31164083.38266,31164083.38266,102,22825992.60808,0.14655047895113493,22207099.42156
2025-08,30477171.195100002,30477171.195100002,121,19014673.06416,-0.022041790195639233,21416135.723006666
2025-09,30899562.74938,30899562.74938,122,19981709.25202,0.013859276885510585,20607458.308086667
2025-10,31727870.60158,31727870.60158,121,22661831.38546,0.026806458684164536,20552737.900546666
2025-11,29000732.3855,29000732.3855,113,27432124.58366,-0.08595402604624203,23358555.073713332
2025-12,26810917.17506,26810917.17506,123,18054457.13718,-0.07550896237140825,22716137.702099998
2026-01,25831045.77574,25831045.77574,135,22512947.804980002,-0.03654747776519529,22666509.84194
2026-02,25535340.92326,25535340.92326,114,11903124.36054,-0.01144765314758267,17490176.434233334
2026-03,22834367.01154,22834367.01154,119,14742858.00452,-0.10577395147521595,16386310.056680001
2026-04,22317738.53594,22317738.53594,124,21891546.15372,-0.022625040376153538,16179176.172926666
2026-05,23104163.31262,23104163.31262,121,12948456.7281,0.035237655258554046,16527620.295446666
2026-06,21872337.77002,21872337.77002,113,18822460.83144,-0.05331617189215199,17887487.90442
2026-07,18999553.24742,18999553.24742,106,17665350.605159998,-0.13134327719360983,16478756.0549
2026-08,17494346.17062,17494346.17062,112,15151858.16804,-0.07922328789517175,17213223.201546665
2026-09,15169114.84462,8136984.0651,106,9221368.8159,-0.13291330257914946,14012859.196366666
