treaty_id,cedant_code,cedant_name,cedant_country,rating,lob_name,region_name,underwriter_name,treaty_type,underwriting_year,inception_date,expiry_date,limit_usd,retention_usd,dq_flag,gwp,ceded,net_premium,commission,earned,earned_commission,claim_count,paid,reserve,incurred,open_incurred,exposure,sum_insured,peak_zone,loss_ratio,limit_utilisation,risk_band
T0132,C150,Cobalt General,Canada,A,Property,North America,Omar Haddad,Excess of Loss,2025,2025-07-28,2026-07-27,2600000.0,270000.0,,273403.44,17872.56,255530.88,27700.92,273403.44,27700.92,7,648765.01,2516888.2399999998,3165653.2499999995,3117863.5399999996,2600000.0,5754073.29,Europe Windstorm,11.578688439326145,1.2175589423076922,Critical
T0611,C147,Evergreen General,USA,A+,Specialty,North America,James Whitfield,Excess of Loss,2023,2023-04-03,2024-04-02,2200000.0,310000.0,,282289.68,16230.24,266059.44,15495.0,282289.68,15495.0,10,824051.19,2402619.51,3226670.7,2998171.9,2200000.0,4595068.76,Japan,11.430353033097067,1.4666685000000002,Critical
T0483,C147,Evergreen General,USA,A+,Casualty,North America,Kenji Sato,Excess of Loss,2025,2025-02-20,2026-02-19,2400000.0,330000.0,,458354.88,24053.16,434301.72000000003,30017.879999999997,458354.88,30017.879999999997,12,844715.51,2432974.84,3277690.3499999996,3038650.65,2400000.0,7226970.26,Japan,7.150988225542618,1.3657043125,Critical
T0469,C109,Crown General,USA,A,Specialty,North America,Omar Haddad,Excess of Loss,2024,2024-03-05,2025-03-04,3200000.0,570000.0,,301053.83999999997,32652.72,268401.12,19220.4,301053.83999999997,19220.4,7,891711.4,2849812.38,3741523.78,3562265.48,3200000.0,16264954.33,US Gulf Coast,12.428088543896335,1.16922618125,Critical
T0171,C152,Lumen Mutual,South Africa,A+,Financial Lines,Middle East & Africa,Kenji Sato,Excess of Loss,2022,2022-08-30,2023-08-29,3200000.0,440000.0,,341491.56,32787.72,308703.83999999997,26738.52,341491.56,26738.52,9,844123.57,3149666.0100000002,3993789.58,3943597.3800000004,3200000.0,8372959.53,California,11.69513407593441,1.24805924375,Critical
T0058,C115,Cobalt Indemnity,Mexico,A,Specialty,North America,Carlos Ibarra,Proportional,2025,2025-10-07,2026-10-06,2300000.0,350000.0,,219433.44,17116.800000000003,202316.64,55308.0,215166.68,54232.567002732125,12,689802.7,2495107.26,3184909.96,3125344.37,1150000.0,6891008.5,US Gulf Coast,14.802059315131878,1.3847434608695652,Critical
T0157,C161,Orion Insurance,Singapore,A+,Specialty,Asia Pacific,Kenji Sato,Excess of Loss,2024,2024-06-11,2025-06-10,3800000.0,560000.0,,712863.84,56612.520000000004,656251.32,78574.79999999999,712863.84,78574.79999999999,12,1723294.12,3854281.0,5577575.12,4844066.890000001,3800000.0,18531482.44,Australia,7.824180168824387,1.4677829263157895,Critical
T0549,C123,Orion General,Canada,A+,Casualty,North America,Omar Haddad,Proportional,2025,2025-08-31,2026-08-30,3500000.0,590000.0,,581584.5599999999,37554.0,544030.5599999999,183541.68,581584.5599999999,183541.68,12,2453358.0,8247100.39,10700458.39,10272102.81,875000.0,17614685.33,California,18.398800666235022,3.0572738257142857,Critical
T0079,C139,Lumen Assurance,Brazil,BBB+,Property,Latin America,Kenji Sato,Excess of Loss,2025,2025-02-24,2026-02-23,1300000.0,140000.0,,252709.44,22631.52,230077.92,28180.56,252709.44,28180.56,15,720897.1599999999,2639451.31,3360348.4699999997,3312649.1199999996,1300000.0,7587483.37,Australia,13.29728113836982,2.5848834384615382,Critical
T0378,C117,Vantage Mutual,India,BBB,Professional,Asia Pacific,Sophie Laurent,Proportional,2026,2026-01-27,2027-01-26,2300000.00004,180000.0,,270421.50132000004,15472.69668,254948.80464000005,67800.10932,243379.3512,61020.09839100865,9,722464.11216,2321572.38744,3044036.4996,2926293.4838400004,1149999.99996,6472120.28196,US Gulf Coast,12.507373713468919,1.3234941302378525,Critical
