TreatyRef,AsOf,Currency,SumInsured,LimitExposure,PeakZone
TR-0001,30/09/2026,USD,111583636.14,31700000.0,California
TR-0002,30/09/2026,GBP,9991371.16,448818.9,Florida
TR-0003,30/09/2026,EUR,23739178.82,4481481.48,US Gulf Coast
TR-0004,30/09/2026,INR,9821777167.98,381666666.67,Other
TR-0005,30/09/2026,USD,32663130.3,920000.0,Europe Windstorm
TR-0006,30/09/2026,USD,7129916.91,810000.0,Other
TR-0007,30/09/2026,USD,47404652.35,2400000.0,Other
TR-0008,30/09/2026,USD,10980288.87,400000.0,Europe Windstorm
TR-0009,30/09/2026,USD,205698089.74,46700000.0,Europe Windstorm
TR-0010,30/09/2026,USD,68224687.3,16200000.0,Florida
TR-0011,30/09/2026,EUR,43586054.04,18888888.89,US Gulf Coast
TR-0012,30/09/2026,USD,42955918.06,14400000.0,Other
TR-0013,30/09/2026,USD,14692923.71,720000.0,US Gulf Coast
TR-0014,30/09/2026,USD,14543411.12,2800000.0,US Gulf Coast
TR-0015,30/09/2026,USD,178837736.75,6860000.0,Other
TR-0016,30/09/2026,USD,78153690.79,8775000.0,Japan
TR-0017,30/09/2026,EUR,20946793.85,6944444.44,Australia
TR-0018,30/09/2026,USD,302091615.19,104100000.0,Florida
TR-0019,30/09/2026,USD,16695437.94,760000.0,Europe Windstorm
TR-0020,30/09/2026,USD,234989033.46,51700000.0,California
TR-0021,30/09/2026,USD,54067327.41,23700000.0,Europe Windstorm
TR-0022,30/09/2026,INR,6723917987.71,1250000000.0,Europe Windstorm
TR-0023,30/09/2026,INR,2286263765.05,550000000.0,US Gulf Coast
TR-0024,30/09/2026,USD,28834355.25,9300000.0,Other
TR-0025,30/09/2026,USD,51763715.41,4200000.0,Japan
TR-0026,30/09/2026,USD,152675604.5,26700000.0,Florida
TR-0027,30/09/2026,USD,24779250.8,5400000.0,Florida
TR-0028,30/09/2026,USD,47990931.33,9300000.0,US Gulf Coast
TR-0029,30/09/2026,USD,30330973.7,11300000.0,Europe Windstorm
TR-0030,30/09/2026,USD,49699914.15,8700000.0,US Gulf Coast
TR-0031,30/09/2026,INR,2845734025.02,157500000.0,Europe Windstorm
TR-0032,30/09/2026,USD,25171799.78,9400000.0,Other
TR-0033,30/09/2026,USD,53089206.44,9700000.0,US Gulf Coast
TR-0034,30/09/2026,USD,6470611.26,2500000.0,Other
TR-0035,30/09/2026,USD,64846619.22,12900000.0,Other
TR-0036,30/09/2026,USD,56124889.35,2760000.0,California
TR-0037,30/09/2026,EUR,40579413.17,2583333.33,California
TR-0038,30/09/2026,USD,42843111.08,8800000.0,US Gulf Coast
TR-0039,30/09/2026,USD,63345890.81,14400000.0,Florida
TR-0040,30/09/2026,USD,29616165.81,7400000.0,Europe Windstorm
TR-0041,30/09/2026,USD,72843025.59,8450000.0,Florida
TR-0042,30/09/2026,EUR,37944511.63,11481481.48,US Gulf Coast
TR-0043,30/09/2026,EUR,86852183.86,18055555.56,California
TR-0044,30/09/2026,USD,37866598.16,1450000.0,Other
TR-0045,30/09/2026,USD,59193539.3,24200000.0,Australia
TR-0046,30/09/2026,EUR,11430558.8,2870370.37,Australia
TR-0047,30/09/2026,USD,22231445.42,11000000.0,Florida
TR-0048,30/09/2026,EUR,17890656.81,787037.04,Europe Windstorm
TR-0049,30/09/2026,USD,49817691.35,2840000.0,Japan
TR-0050,30/09/2026,EUR,56726590.44,12129629.63,Australia
TR-0051,30/09/2026,USD,87001000.54,18300000.0,US Gulf Coast
TR-0052,30/09/2026,USD,28115721.53,1860000.0,California
TR-0053,30/09/2026,USD,24980020.94,1380000.0,Europe Windstorm
TR-0054,30/09/2026,EUR,51886478.7,15277777.78,California
TR-0055,30/09/2026,USD,35012627.54,3150000.0,Europe Windstorm
TR-0056,30/09/2026,USD,33162345.34,6700000.0,Australia
TR-0057,30/09/2026,EUR,9483342.26,972222.22,US Gulf Coast
TR-0058,30/09/2026,USD,6891008.5,1150000.0,US Gulf Coast
TR-0059,30/09/2026,USD,101994833.4,21900000.0,Japan
TR-0060,30/09/2026,USD,15216109.43,5800000.0,Other
TR-0061,30/09/2026,USD,21691221.28,6200000.0,US Gulf Coast
TR-0062,30/09/2026,USD,20616612.66,680000.0,Australia
TR-0063,30/09/2026,EUR,12780611.59,305555.56,California
TR-0064,30/09/2026,USD,70919162.57,5660000.0,Australia
TR-0065,30/09/2026,INR,5891299638.83,1208333333.33,Australia
TR-0066,30/09/2026,USD,44075766.4,3125000.0,California
TR-0067,30/09/2026,INR,9399997504.74,665000000.0,California
TR-0068,30/09/2026,USD,94077039.91,28600000.0,Florida
TR-0069,30/09/2026,USD,20153081.57,3900000.0,Other
TR-0070,30/09/2026,USD,62667979.89,15000000.0,California
TR-0071,30/09/2026,EUR,62180244.38,1675925.93,Florida
TR-0072,30/09/2026,USD,10679798.28,3400000.0,Europe Windstorm
TR-0073,30/09/2026,EUR,260499685.26,30879629.63,Australia
TR-0074,30/09/2026,USD,325978911.13,58600000.0,Europe Windstorm
TR-0075,30/09/2026,USD,82350464.36,3875000.0,Other
TR-0076,30/09/2026,EUR,86717984.35,18425925.93,US Gulf Coast
TR-0077,30/09/2026,USD,64559440.67,3120000.0,Florida
TR-0078,30/09/2026,INR,10762583420.98,3675000000.0,US Gulf Coast
TR-0079,30/09/2026,USD,7587483.37,1300000.0,Australia
TR-0080,30/09/2026,EUR,73242733.78,22037037.04,Japan
TR-0081,30/09/2026,EUR,7657633.95,1666666.67,US Gulf Coast
TR-0082,30/09/2026,USD,81210839.57,21600000.0,Other
TR-0083,30/09/2026,INR,3147803720.27,128333333.33,Europe Windstorm
TR-0084,30/09/2026,USD,113396157.79,4215000.0,US Gulf Coast
TR-0085,30/09/2026,INR,6247692207.06,1383333333.33,Florida
TR-0086,30/09/2026,USD,39340691.13,11300000.0,Japan
TR-0087,30/09/2026,USD,95859500.92,22400000.0,Australia
TR-0088,30/09/2026,USD,38650175.39,6800000.0,Florida
TR-0089,30/09/2026,USD,28038400.44,885000.0,US Gulf Coast
TR-0090,30/09/2026,USD,168902640.78,2880000.0,US Gulf Coast
TR-0091,30/09/2026,USD,139073782.37,9720000.0,US Gulf Coast
TR-0092,30/09/2026,EUR,19064994.91,3981481.48,California
TR-0093,30/09/2026,USD,27997702.62,11500000.0,US Gulf Coast
TR-0094,30/09/2026,EUR,46084151.36,7685185.19,Florida
TR-0095,30/09/2026,USD,52761224.67,4050000.0,Florida
TR-0096,30/09/2026,EUR,11621868.39,611111.11,Other
TR-0097,30/09/2026,EUR,9940074.22,3425925.93,Europe Windstorm
TR-0098,30/09/2026,EUR,34496824.99,7361111.11,Other
TR-0099,30/09/2026,USD,26645286.19,5600000.0,Europe Windstorm
TR-0100,30/09/2026,USD,185743980.25,36900000.0,Australia
TR-0101,30/09/2026,USD,87796309.29,3775000.0,California
TR-0102,30/09/2026,USD,33552607.46,2480000.0,Japan
TR-0103,30/09/2026,EUR,47990916.46,8888888.89,Florida
TR-0104,30/09/2026,USD,6676325.35,480000.0,US Gulf Coast
TR-0105,30/09/2026,USD,95373804.13,10100000.0,Japan
TR-0106,30/09/2026,USD,34590264.83,5200000.0,Other
TR-0107,30/09/2026,USD,106881915.64,6780000.0,Europe Windstorm
TR-0108,30/09/2026,USD,99885613.43,31600000.0,Other
TR-0109,30/09/2026,USD,35998851.46,10800000.0,Australia
TR-0110,30/09/2026,USD,136262885.29,36800000.0,US Gulf Coast
TR-0111,30/09/2026,EUR,72585836.87,15555555.56,Florida
TR-0112,30/09/2026,USD,9876906.21,4900000.0,Other
TR-0113,30/09/2026,INR,4280565414.14,362500000.0,Florida
TR-0114,30/09/2026,USD,301096050.21,76000000.0,US Gulf Coast
TR-0115,30/09/2026,USD,30529991.44,1040000.0,Other
TR-0116,30/09/2026,INR,4795742431.38,1050000000.0,Other
TR-0117,30/09/2026,USD,110383902.55,3615000.0,Florida
TR-0118,30/09/2026,USD,181549946.85,37800000.0,Japan
TR-0119,30/09/2026,USD,33592844.25,1160000.0,Europe Windstorm
TR-0120,30/09/2026,EUR,80255366.39,18055555.56,Florida
TR-0121,30/09/2026,USD,47500997.36,2490000.0,US Gulf Coast
TR-0122,30/09/2026,USD,92424675.8,17800000.0,Other
TR-0123,30/09/2026,USD,39935643.64,5820000.0,Florida
TR-0124,30/09/2026,USD,149796328.46,40300000.0,California
TR-0125,30/09/2026,USD,182417982.11,7840000.0,Other
TR-0126,30/09/2026,USD,21361818.75,6100000.0,Japan
TR-0127,30/09/2026,USD,124682126.2,60600000.0,Other
TR-0128,30/09/2026,EUR,13737221.8,4074074.07,US Gulf Coast
TR-0129,30/09/2026,USD,21593402.2,7000000.0,Europe Windstorm
TR-0130,30/09/2026,USD,27334947.13,12700000.0,Other
TR-0131,30/09/2026,EUR,13709944.62,3796296.3,Florida
TR-0132,30/09/2026,USD,5754073.29,2600000.0,Europe Windstorm
TR-0133,30/09/2026,INR,1272204964.15,308333333.33,Other
TR-0134,30/09/2026,USD,29862346.61,1380000.0,Japan
TR-0135,30/09/2026,EUR,38376857.2,7407407.41,US Gulf Coast
TR-0136,30/09/2026,USD,59207869.38,2850000.0,California
TR-0137,30/09/2026,USD,32417526.1,5900000.0,US Gulf Coast
TR-0138,30/09/2026,USD,92435698.85,20900000.0,US Gulf Coast
TR-0139,30/09/2026,EUR,21962428.49,3981481.48,Other
TR-0140,30/09/2026,EUR,42860064.37,20277777.78,Europe Windstorm
TR-0141,30/09/2026,USD,83488274.32,6750000.0,US Gulf Coast
TR-0142,30/09/2026,EUR,19723256.99,3444444.44,Japan
TR-0143,30/09/2026,USD,108870228.95,19700000.0,Other
TR-0144,30/09/2026,USD,66205032.86,2350000.0,US Gulf Coast
TR-0145,30/09/2026,USD,3466386.15,260000.0,Other
TR-0146,30/09/2026,EUR,51897584.93,20000000.0,Japan
TR-0147,30/09/2026,USD,21258630.68,2790000.0,Other
TR-0148,30/09/2026,INR,3189075735.53,691666666.67,Other
TR-0149,30/09/2026,USD,48611775.88,11100000.0,Other
TR-0150,30/09/2026,USD,271854897.36,21840000.0,US Gulf Coast
TR-0151,30/09/2026,USD,185870615.05,6800000.0,Australia
TR-0152,30/09/2026,GBP,148647212.71,44330708.66,Other
TR-0153,30/09/2026,USD,93339687.65,3165000.0,Japan
TR-0154,30/09/2026,USD,42174161.31,6200000.0,US Gulf Coast
TR-0155,30/09/2026,USD,19486258.42,8400000.0,Florida
TR-0156,30/09/2026,USD,107612780.96,18800000.0,Europe Windstorm
TR-0157,30/09/2026,USD,18531482.44,3800000.0,Australia
TR-0158,30/09/2026,USD,24394385.31,6800000.0,California
TR-0159,30/09/2026,EUR,46555413.8,3185185.19,US Gulf Coast
TR-0160,30/09/2026,USD,31253786.16,12800000.0,Other
TR-0161,30/09/2026,EUR,14009994.14,2962962.96,Other
TR-0162,30/09/2026,USD,88671559.15,19900000.0,Other
TR-0163,30/09/2026,USD,110898328.32,38600000.0,US Gulf Coast
TR-0164,30/09/2026,EUR,32803276.6,8333333.33,Other
TR-0165,30/09/2026,EUR,38481355.33,8148148.15,US Gulf Coast
TR-0166,30/09/2026,USD,11975973.84,500000.0,US Gulf Coast
TR-0167,30/09/2026,USD,42111335.67,20400000.0,US Gulf Coast
TR-0168,30/09/2026,USD,65370735.6,1905000.0,US Gulf Coast
TR-0169,30/09/2026,EUR,9756850.34,3703703.7,Florida
TR-0170,30/09/2026,USD,56414513.09,11400000.0,US Gulf Coast
TR-0171,30/09/2026,USD,8372959.53,3200000.0,California
TR-0172,30/09/2026,EUR,28419280.63,601851.85,Europe Windstorm
TR-0173,30/09/2026,USD,21600836.82,10500000.0,Other
TR-0174,30/09/2026,USD,151814641.68,13250000.0,California
TR-0175,30/09/2026,USD,34916441.45,12200000.0,US Gulf Coast
TR-0176,30/09/2026,USD,61078933.4,13400000.0,Other
TR-0177,30/09/2026,USD,11458152.37,3500000.0,US Gulf Coast
TR-0178,30/09/2026,USD,54979642.41,15500000.0,Other
TR-0179,30/09/2026,USD,99964467.04,11240000.0,Europe Windstorm
TR-0180,30/09/2026,EUR,9773999.51,4259259.26,Other
TR-0181,30/09/2026,USD,20056753.87,1820000.0,Australia
TR-0182,30/09/2026,USD,31076240.6,6600000.0,Japan
TR-0183,30/09/2026,USD,75809792.16,6400000.0,Other
TR-0184,30/09/2026,EUR,19060918.32,7037037.04,Europe Windstorm
TR-0185,30/09/2026,EUR,177144990.65,57592592.59,Other
TR-0186,30/09/2026,EUR,332299438.31,16944444.44,California
TR-0187,30/09/2026,INR,2822473326.75,1383333333.33,Other
TR-0188,30/09/2026,USD,23314104.76,4800000.0,California
TR-0189,30/09/2026,USD,14838424.22,3400000.0,Europe Windstorm
TR-0190,30/09/2026,USD,23552108.84,5900000.0,Other
TR-0191,30/09/2026,USD,75747287.21,12700000.0,Other
TR-0192,30/09/2026,USD,94143521.24,10520000.0,California
TR-0193,30/09/2026,USD,233399209.71,3980000.0,US Gulf Coast
TR-0194,30/09/2026,EUR,28025490.58,1763888.89,Australia
TR-0195,30/09/2026,INR,6905745513.45,680000000.0,Other
TR-0196,30/09/2026,EUR,8007310.09,1481481.48,California
TR-0197,30/09/2026,USD,22031823.27,1470000.0,Europe Windstorm
TR-0198,30/09/2026,USD,36952374.55,9100000.0,Other
TR-0199,30/09/2026,INR,1929632015.65,168750000.0,Australia
TR-0200,30/09/2026,USD,250785417.25,62800000.0,California
TR-0201,30/09/2026,USD,13087464.16,1425000.0,California
TR-0202,30/09/2026,USD,16642841.31,6200000.0,Florida
TR-0203,30/09/2026,INR,1140568934.25,132500000.0,California
TR-0204,30/09/2026,USD,89148645.56,2610000.0,Australia
TR-0205,30/09/2026,USD,67920849.78,4975000.0,Europe Windstorm
TR-0206,30/09/2026,INR,1539878805.58,61666666.67,Japan
TR-0207,30/09/2026,EUR,77519813.98,1416666.67,Europe Windstorm
TR-0208,30/09/2026,USD,45553373.37,3375000.0,California
TR-0209,30/09/2026,USD,39930170.89,7500000.0,Other
TR-0210,30/09/2026,USD,26763866.83,7300000.0,Other
TR-0211,30/09/2026,USD,23726201.72,1425000.0,California
TR-0212,30/09/2026,EUR,46091260.21,21851851.85,Australia
TR-0213,30/09/2026,USD,23266798.32,4700000.0,Australia
TR-0214,30/09/2026,USD,71449241.71,13800000.0,Other
TR-0215,30/09/2026,USD,139352967.11,16500000.0,US Gulf Coast
TR-0216,30/09/2026,USD,20470642.26,4400000.0,US Gulf Coast
TR-0217,30/09/2026,EUR,86162282.76,1722222.22,US Gulf Coast
TR-0218,30/09/2026,EUR,7770706.07,1851851.85,California
TR-0219,30/09/2026,USD,8899766.44,4100000.0,Other
TR-0220,30/09/2026,EUR,22323792.4,4444444.44,Japan
TR-0221,30/09/2026,USD,72733138.8,4350000.0,California
TR-0222,30/09/2026,EUR,36264171.47,12037037.04,US Gulf Coast
TR-0223,30/09/2026,USD,70750268.78,12300000.0,US Gulf Coast
TR-0224,30/09/2026,USD,58382118.53,14400000.0,Florida
TR-0225,30/09/2026,EUR,6467556.85,3055555.56,Other
TR-0226,30/09/2026,USD,69948364.69,3990000.0,California
TR-0227,30/09/2026,USD,20699722.8,1000000.0,US Gulf Coast
TR-0228,30/09/2026,USD,29349982.93,7300000.0,Japan
TR-0229,30/09/2026,USD,25749724.83,2880000.0,US Gulf Coast
TR-0230,30/09/2026,USD,333040425.42,91800000.0,Europe Windstorm
TR-0231,30/09/2026,USD,121656438.63,6275000.0,Florida
TR-0232,30/09/2026,USD,19476806.18,7500000.0,Japan
TR-0233,30/09/2026,USD,63179574.3,12400000.0,Japan
TR-0234,30/09/2026,USD,23647969.66,2280000.0,Japan
TR-0235,30/09/2026,USD,14306773.7,5000000.0,Australia
TR-0236,30/09/2026,USD,19495866.17,5100000.0,Australia
TR-0237,30/09/2026,USD,65485313.93,4380000.0,Florida
TR-0238,30/09/2026,USD,16106445.44,2850000.0,Japan
TR-0239,30/09/2026,USD,182249872.84,9825000.0,Florida
TR-0240,30/09/2026,EUR,44004823.12,19629629.63,US Gulf Coast
TR-0241,30/09/2026,USD,75032466.95,15200000.0,Florida
TR-0242,30/09/2026,USD,40756039.56,2340000.0,Japan
TR-0243,30/09/2026,USD,92951578.41,26100000.0,Other
TR-0244,30/09/2026,USD,72001649.76,4600000.0,Other
TR-0245,30/09/2026,EUR,10508640.75,240740.74,Other
TR-0246,30/09/2026,EUR,207924790.24,10888888.89,Other
TR-0247,30/09/2026,GBP,35276050.45,11417322.83,Florida
TR-0248,30/09/2026,USD,57505406.74,13700000.0,California
TR-0249,30/09/2026,USD,147398776.85,39900000.0,Japan
TR-0250,30/09/2026,EUR,18428663.76,1851851.85,Europe Windstorm
TR-0251,30/09/2026,EUR,56935227.52,13657407.41,US Gulf Coast
TR-0252,30/09/2026,USD,52234660.08,9800000.0,Florida
TR-0253,30/09/2026,USD,10596989.9,2000000.0,California
TR-0254,30/09/2026,USD,41530489.94,6200000.0,Other
TR-0255,30/09/2026,INR,3917890766.18,675000000.0,Florida
TR-0256,30/09/2026,USD,15325918.43,7100000.0,Florida
TR-0257,30/09/2026,USD,76514830.24,13500000.0,Europe Windstorm
TR-0258,30/09/2026,USD,511996273.29,95900000.0,Australia
TR-0259,30/09/2026,EUR,312995177.01,24851851.85,US Gulf Coast
TR-0260,30/09/2026,USD,117899864.21,8010000.0,US Gulf Coast
TR-0261,30/09/2026,EUR,525818287.87,14361111.11,US Gulf Coast
TR-0262,30/09/2026,EUR,109963525.27,44814814.81,Florida
TR-0263,30/09/2026,EUR,18979315.01,3611111.11,Other
TR-0264,30/09/2026,EUR,103206555.9,18981481.48,Other
TR-0265,30/09/2026,USD,58544376.24,14400000.0,US Gulf Coast
TR-0266,30/09/2026,USD,115655067.62,3075000.0,California
TR-0267,30/09/2026,USD,188702830.84,32100000.0,Other
TR-0268,30/09/2026,USD,24217287.92,1300000.0,California
TR-0269,30/09/2026,USD,40785518.78,3080000.0,Other
TR-0270,30/09/2026,GBP,18873762.02,4291338.58,Australia
TR-0271,30/09/2026,EUR,45841893.1,5611111.11,Australia
TR-0272,30/09/2026,USD,307086104.31,18660000.0,Other
TR-0273,30/09/2026,EUR,17404087.79,1407407.41,US Gulf Coast
TR-0274,30/09/2026,EUR,32251102.75,7222222.22,Other
TR-0275,30/09/2026,USD,33043114.62,10700000.0,Other
TR-0276,30/09/2026,USD,105071711.69,13680000.0,Florida
TR-0277,30/09/2026,USD,50240947.06,10900000.0,California
TR-0278,30/09/2026,USD,126469932.33,4560000.0,US Gulf Coast
TR-0279,30/09/2026,EUR,43173122.09,9814814.81,Other
TR-0280,30/09/2026,USD,31109184.55,1920000.0,US Gulf Coast
TR-0281,30/09/2026,EUR,54846367.49,13796296.3,Other
TR-0282,30/09/2026,USD,72884703.61,17700000.0,Japan
TR-0283,30/09/2026,EUR,587271245.87,155000000.0,US Gulf Coast
TR-0284,30/09/2026,EUR,735455691.96,129259259.26,Europe Windstorm
TR-0285,30/09/2026,USD,49111054.28,13400000.0,Florida
TR-0286,30/09/2026,EUR,83929696.82,16388888.89,US Gulf Coast
TR-0287,30/09/2026,EUR,24543519.43,3666666.67,Other
TR-0288,30/09/2026,USD,40500931.52,9300000.0,Florida
TR-0289,30/09/2026,USD,75281019.53,19100000.0,Florida
TR-0290,30/09/2026,USD,48729429.88,12600000.0,Australia
TR-0291,30/09/2026,USD,63397271.96,25700000.0,US Gulf Coast
TR-0292,30/09/2026,EUR,50247450.17,10185185.19,Europe Windstorm
TR-0293,30/09/2026,EUR,64140203.94,2833333.33,California
TR-0294,30/09/2026,EUR,398458356.93,72777777.78,California
TR-0295,30/09/2026,USD,51950529.67,12400000.0,Florida
TR-0296,30/09/2026,USD,46202801.54,2200000.0,US Gulf Coast
TR-0297,30/09/2026,USD,36869065.6,5240000.0,US Gulf Coast
TR-0298,30/09/2026,EUR,25136058.42,1222222.22,Other
TR-0299,30/09/2026,INR,3189771353.55,683333333.33,Australia
TR-0300,30/09/2026,USD,222695548.13,37300000.0,Europe Windstorm
TR-0301,30/09/2026,USD,7591632.0,1600000.0,Europe Windstorm
TR-0302,30/09/2026,EUR,28417734.72,9444444.44,US Gulf Coast
TR-0303,30/09/2026,USD,13023543.87,2800000.0,Florida
TR-0304,30/09/2026,USD,34373195.41,6600000.0,Europe Windstorm
TR-0305,30/09/2026,USD,64722436.94,6925000.0,US Gulf Coast
TR-0306,30/09/2026,USD,74716887.21,16200000.0,Other
TR-0307,30/09/2026,USD,44845128.41,10400000.0,Other
TR-0308,30/09/2026,USD,33366028.53,8800000.0,Japan
TR-0309,30/09/2026,EUR,17138718.88,4629629.63,US Gulf Coast
TR-0310,30/09/2026,USD,105697452.72,4750000.0,California
TR-0311,30/09/2026,INR,8530585252.87,1425000000.0,Japan
TR-0312,30/09/2026,USD,32899961.08,9300000.0,Australia
TR-0313,30/09/2026,USD,67008841.6,7500000.0,Japan
TR-0314,30/09/2026,USD,27481102.75,2450000.0,California
TR-0315,30/09/2026,USD,10804869.41,420000.0,California
TR-0316,30/09/2026,USD,80434318.49,2780000.0,Japan
TR-0317,30/09/2026,USD,47653944.77,7120000.0,Other
TR-0318,30/09/2026,EUR,130304515.55,36018518.52,US Gulf Coast
TR-0319,30/09/2026,USD,14285692.26,3400000.0,US Gulf Coast
TR-0320,30/09/2026,USD,24882171.18,5100000.0,US Gulf Coast
TR-0321,30/09/2026,USD,78893129.37,2560000.0,Japan
TR-0322,30/09/2026,USD,17266954.72,3400000.0,Other
TR-0323,30/09/2026,USD,43389885.43,10100000.0,Europe Windstorm
TR-0324,30/09/2026,USD,257436544.0,58800000.0,US Gulf Coast
TR-0325,30/09/2026,USD,41035975.17,7800000.0,California
TR-0326,30/09/2026,USD,21433156.54,6800000.0,US Gulf Coast
TR-0327,30/09/2026,INR,1781625650.05,207500000.0,Europe Windstorm
TR-0328,30/09/2026,USD,17785387.92,645000.0,Japan
TR-0329,30/09/2026,USD,76668309.02,1920000.0,US Gulf Coast
TR-0330,30/09/2026,USD,5510881.86,2400000.0,Other
TR-0331,30/09/2026,USD,45728072.37,3270000.0,Other
TR-0332,30/09/2026,EUR,37546213.96,9814814.81,Europe Windstorm
TR-0333,30/09/2026,USD,253399107.6,42500000.0,Other
TR-0334,30/09/2026,USD,28202925.33,8600000.0,Other
TR-0335,30/09/2026,USD,32008235.51,3630000.0,Florida
TR-0336,30/09/2026,USD,30113726.69,6000000.0,Other
TR-0337,30/09/2026,USD,11557437.13,2300000.0,US Gulf Coast
TR-0338,30/09/2026,USD,31526950.06,14000000.0,Other
TR-0339,30/09/2026,EUR,21445994.93,1138888.89,Florida
TR-0340,30/09/2026,USD,21647141.21,9600000.0,California
TR-0341,30/09/2026,USD,26520949.16,4650000.0,US Gulf Coast
TR-0342,30/09/2026,EUR,204051275.0,7407407.41,Florida
TR-0343,30/09/2026,USD,35267794.73,10300000.0,Other
TR-0344,30/09/2026,USD,48945323.8,19800000.0,Other
TR-0345,30/09/2026,EUR,16099733.13,1555555.56,Florida
TR-0346,30/09/2026,EUR,30140217.33,3861111.11,California
TR-0347,30/09/2026,EUR,50200515.92,9351851.85,Australia
TR-0348,30/09/2026,USD,15367594.74,1000000.0,US Gulf Coast
TR-0349,30/09/2026,USD,96370430.82,5520000.0,Europe Windstorm
TR-0350,30/09/2026,INR,2028618921.57,187500000.0,Other
TR-0351,30/09/2026,INR,5210726564.41,460000000.0,Florida
TR-0352,30/09/2026,USD,161556978.52,48300000.0,Australia
TR-0353,30/09/2026,USD,22118868.8,1760000.0,US Gulf Coast
TR-0354,30/09/2026,USD,161704754.14,31400000.0,Europe Windstorm
TR-0355,30/09/2026,USD,86387658.57,17400000.0,California
TR-0356,30/09/2026,USD,129355317.8,29600000.0,Other
TR-0357,30/09/2026,INR,21317540159.69,1290000000.0,US Gulf Coast
TR-0358,30/09/2026,USD,94160440.97,4980000.0,US Gulf Coast
TR-0359,30/09/2026,USD,24162071.98,3200000.0,California
TR-0360,30/09/2026,USD,76092335.61,12900000.0,US Gulf Coast
TR-0361,30/09/2026,USD,19851406.83,2360000.0,Other
TR-0362,30/09/2026,USD,25146702.74,4500000.0,Florida
TR-0363,30/09/2026,EUR,228867729.81,45648148.15,Australia
TR-0364,30/09/2026,EUR,78802486.03,15555555.56,Other
TR-0365,30/09/2026,EUR,109500077.01,20925925.93,California
TR-0366,30/09/2026,USD,43554366.96,16600000.0,Other
TR-0367,30/09/2026,USD,39237644.53,11500000.0,California
TR-0368,30/09/2026,GBP,41882490.63,2503937.01,Florida
TR-0369,30/09/2026,USD,85062060.62,5525000.0,Other
TR-0370,30/09/2026,EUR,118714351.27,22314814.81,California
TR-0371,30/09/2026,USD,24540472.58,1950000.0,Florida
TR-0372,30/09/2026,EUR,186940459.83,48518518.52,Other
TR-0373,30/09/2026,USD,42802168.58,2190000.0,Other
TR-0374,30/09/2026,EUR,21582268.65,3000000.0,Florida
TR-0375,30/09/2026,USD,37034933.38,8800000.0,California
TR-0376,30/09/2026,USD,42989066.63,860000.0,US Gulf Coast
TR-0377,30/09/2026,USD,22760873.16,4200000.0,Florida
TR-0378,30/09/2026,INR,539343356.83,95833333.33,US Gulf Coast
TR-0379,30/09/2026,USD,17624215.38,3100000.0,Australia
TR-0380,30/09/2026,EUR,115332856.7,20462962.96,Other
TR-0381,30/09/2026,USD,116803527.88,21100000.0,US Gulf Coast
TR-0382,30/09/2026,EUR,11223391.83,1814814.81,California
TR-0383,30/09/2026,USD,62360801.78,3060000.0,Other
TR-0384,30/09/2026,EUR,58334223.32,2037037.04,Other
TR-0385,30/09/2026,USD,201753335.03,12990000.0,California
TR-0386,30/09/2026,EUR,92458270.43,3814814.81,Japan
TR-0387,30/09/2026,USD,32849246.16,2360000.0,Europe Windstorm
TR-0388,30/09/2026,USD,215753897.66,45700000.0,California
TR-0389,30/09/2026,USD,92901668.22,19200000.0,Australia
TR-0390,30/09/2026,INR,7188228498.3,1291666666.67,Florida
TR-0391,30/09/2026,INR,1542438243.75,333333333.33,Other
TR-0392,30/09/2026,USD,100207595.86,1890000.0,US Gulf Coast
TR-0393,30/09/2026,USD,14305186.8,1050000.0,California
TR-0394,30/09/2026,USD,83294150.32,14000000.0,Japan
TR-0395,30/09/2026,USD,15582555.32,2600000.0,California
TR-0396,30/09/2026,USD,38964733.19,3760000.0,US Gulf Coast
TR-0397,30/09/2026,INR,8521654737.94,1466666666.67,US Gulf Coast
TR-0398,30/09/2026,EUR,38157759.04,1944444.44,California
TR-0399,30/09/2026,USD,44943723.27,14400000.0,Europe Windstorm
TR-0400,30/09/2026,USD,273047559.66,11000000.0,Other
TR-0401,30/09/2026,USD,29572173.55,975000.0,California
TR-0402,30/09/2026,INR,5238808745.06,1391666666.67,Other
TR-0403,30/09/2026,USD,14560132.42,1300000.0,California
TR-0404,30/09/2026,USD,267965450.14,52800000.0,Other
TR-0405,30/09/2026,USD,71861793.33,21500000.0,Florida
TR-0406,30/09/2026,GBP,36454999.78,952755.91,US Gulf Coast
TR-0407,30/09/2026,GBP,132755321.44,25748031.5,Japan
TR-0408,30/09/2026,USD,110385106.85,5750000.0,Other
TR-0409,30/09/2026,EUR,16808510.28,2416666.67,Europe Windstorm
TR-0410,30/09/2026,USD,102976486.98,38200000.0,US Gulf Coast
TR-0411,30/09/2026,EUR,84527885.76,2166666.67,Florida
TR-0412,30/09/2026,EUR,37583128.71,1703703.7,Japan
TR-0413,30/09/2026,GBP,23304259.21,11338582.68,Europe Windstorm
TR-0414,30/09/2026,USD,40503622.15,4050000.0,Other
TR-0415,30/09/2026,INR,7067255217.18,1458333333.33,Europe Windstorm
TR-0416,30/09/2026,USD,15552131.46,3400000.0,Other
TR-0417,30/09/2026,EUR,169279851.27,32592592.59,Other
TR-0418,30/09/2026,USD,14225942.09,5400000.0,US Gulf Coast
TR-0419,30/09/2026,USD,18987705.88,3600000.0,California
TR-0420,30/09/2026,EUR,21620233.14,10092592.59,Florida
TR-0421,30/09/2026,USD,25945641.7,11700000.0,Japan
TR-0422,30/09/2026,USD,218990123.26,39700000.0,Europe Windstorm
TR-0423,30/09/2026,USD,143980611.27,31200000.0,California
TR-0424,30/09/2026,USD,93269498.24,31800000.0,US Gulf Coast
TR-0425,30/09/2026,USD,39451131.7,3240000.0,Other
TR-0426,30/09/2026,USD,28103928.07,1250000.0,Florida
TR-0427,30/09/2026,USD,76915698.18,13360000.0,Other
TR-0428,30/09/2026,USD,127438120.84,12050000.0,Other
TR-0429,30/09/2026,USD,33962611.88,2625000.0,US Gulf Coast
TR-0430,30/09/2026,USD,88778733.22,15500000.0,US Gulf Coast
TR-0431,30/09/2026,USD,47252896.56,15300000.0,Other
TR-0432,30/09/2026,INR,7017503416.52,1400000000.0,US Gulf Coast
TR-0433,30/09/2026,USD,38138597.97,4000000.0,US Gulf Coast
TR-0434,30/09/2026,EUR,47195280.27,13611111.11,California
TR-0435,30/09/2026,USD,60397199.44,5100000.0,Other
TR-0436,30/09/2026,USD,89418108.62,3285000.0,Europe Windstorm
TR-0437,30/09/2026,USD,43986695.5,11000000.0,Japan
TR-0438,30/09/2026,USD,148409339.23,27200000.0,US Gulf Coast
TR-0439,30/09/2026,USD,134841301.87,23800000.0,Other
TR-0440,30/09/2026,USD,83648675.74,14000000.0,Other
TR-0441,30/09/2026,USD,37222310.91,15100000.0,US Gulf Coast
TR-0442,30/09/2026,USD,133424472.7,28000000.0,Europe Windstorm
TR-0443,30/09/2026,USD,106507391.17,19000000.0,Other
TR-0444,30/09/2026,USD,63290530.86,17900000.0,Florida
TR-0445,30/09/2026,USD,48450558.65,11700000.0,Australia
TR-0446,30/09/2026,USD,32593013.14,12100000.0,Europe Windstorm
TR-0447,30/09/2026,EUR,147557644.27,12259259.26,Florida
TR-0448,30/09/2026,EUR,44260320.15,7407407.41,Other
TR-0449,30/09/2026,INR,9962403963.37,1700000000.0,Europe Windstorm
TR-0450,30/09/2026,USD,987008311.06,33885000.0,Europe Windstorm
TR-0451,30/09/2026,USD,9272693.09,270000.0,California
TR-0452,30/09/2026,USD,22845316.97,1200000.0,Japan
TR-0453,30/09/2026,USD,307008011.46,60300000.0,Europe Windstorm
TR-0454,30/09/2026,USD,27675961.35,7900000.0,US Gulf Coast
TR-0455,30/09/2026,USD,29589934.71,10300000.0,Florida
TR-0456,30/09/2026,USD,307154533.17,69200000.0,US Gulf Coast
TR-0457,30/09/2026,USD,22432087.31,7200000.0,Other
TR-0458,30/09/2026,USD,14815461.43,3250000.0,US Gulf Coast
TR-0459,30/09/2026,USD,54663548.84,9800000.0,Other
TR-0460,30/09/2026,EUR,45945937.63,20092592.59,US Gulf Coast
TR-0461,30/09/2026,USD,46482791.46,17000000.0,US Gulf Coast
TR-0462,30/09/2026,GBP,195976231.73,43228346.46,Other
TR-0463,30/09/2026,USD,116670951.65,48900000.0,Australia
TR-0464,30/09/2026,USD,138530914.44,6200000.0,Japan
TR-0465,30/09/2026,INR,4111525280.31,225000000.0,Japan
TR-0466,30/09/2026,USD,92227281.27,19600000.0,Other
TR-0467,30/09/2026,EUR,64289546.05,1416666.67,Europe Windstorm
TR-0468,30/09/2026,USD,146127255.18,14350000.0,Japan
TR-0469,30/09/2026,USD,16264954.33,3200000.0,US Gulf Coast
TR-0470,30/09/2026,EUR,142883200.35,37777777.78,US Gulf Coast
TR-0471,30/09/2026,EUR,26006710.11,1037037.04,Florida
TR-0472,30/09/2026,USD,31618265.83,1005000.0,Florida
TR-0473,30/09/2026,GBP,57625676.33,10629921.26,Other
TR-0474,30/09/2026,USD,185602714.71,8950000.0,Australia
TR-0475,30/09/2026,USD,60115671.81,20800000.0,US Gulf Coast
TR-0476,30/09/2026,EUR,44295492.28,8240740.74,Japan
TR-0477,30/09/2026,EUR,49154047.54,1000000.0,US Gulf Coast
TR-0478,30/09/2026,USD,28717555.43,1830000.0,Other
TR-0479,30/09/2026,GBP,10822398.78,3700787.4,Europe Windstorm
TR-0480,30/09/2026,EUR,36831680.92,8055555.56,Other
TR-0481,30/09/2026,USD,36602095.89,6800000.0,Other
TR-0482,30/09/2026,USD,65812774.08,19700000.0,Europe Windstorm
TR-0483,30/09/2026,USD,7226970.26,2400000.0,Japan
TR-0484,30/09/2026,EUR,69298359.99,28703703.7,US Gulf Coast
TR-0485,30/09/2026,EUR,344774950.7,74907407.41,Other
TR-0486,30/09/2026,USD,19604313.94,4700000.0,US Gulf Coast
TR-0487,30/09/2026,USD,50604836.04,16900000.0,California
TR-0488,30/09/2026,USD,104265476.85,43500000.0,Japan
TR-0489,30/09/2026,EUR,132605201.86,40185185.19,Other
TR-0490,30/09/2026,EUR,31366731.09,7870370.37,US Gulf Coast
TR-0491,30/09/2026,USD,41551947.15,10900000.0,Florida
TR-0492,30/09/2026,USD,92933845.13,6120000.0,California
TR-0493,30/09/2026,USD,40246037.98,1860000.0,Europe Windstorm
TR-0494,30/09/2026,GBP,36513657.82,685039.37,Other
TR-0495,30/09/2026,INR,5234067422.09,1766666666.67,Florida
TR-0496,30/09/2026,USD,66960623.5,1250000.0,Japan
TR-0497,30/09/2026,USD,63976918.39,26800000.0,California
TR-0498,30/09/2026,USD,76895555.41,1400000.0,Europe Windstorm
TR-0499,30/09/2026,EUR,36279543.63,2814814.81,Europe Windstorm
TR-0500,30/09/2026,USD,120072620.77,17400000.0,Australia
TR-0501,30/09/2026,USD,57462632.14,1905000.0,Australia
TR-0502,30/09/2026,INR,588858638.38,191666666.67,Other
TR-0503,30/09/2026,USD,31942068.22,1095000.0,Other
TR-0504,30/09/2026,USD,116214229.2,27000000.0,Japan
TR-0505,30/09/2026,USD,287635815.82,81100000.0,US Gulf Coast
TR-0506,30/09/2026,EUR,32630155.68,1527777.78,Australia
TR-0507,30/09/2026,USD,41522080.74,1520000.0,Florida
TR-0508,30/09/2026,USD,15079861.96,5700000.0,Japan
TR-0509,30/09/2026,USD,51537614.94,4425000.0,Other
TR-0510,30/09/2026,USD,15079454.36,580000.0,Japan
TR-0511,30/09/2026,USD,149848893.9,3850000.0,Other
TR-0512,30/09/2026,EUR,33331091.46,6481481.48,US Gulf Coast
TR-0513,30/09/2026,USD,125963726.01,7025000.0,California
TR-0514,30/09/2026,USD,28201234.82,8900000.0,Japan
TR-0515,30/09/2026,EUR,27520853.66,4703703.7,California
TR-0516,30/09/2026,USD,67072149.37,23800000.0,Florida
TR-0517,30/09/2026,EUR,13011424.12,1018518.52,Other
TR-0518,30/09/2026,USD,258038983.68,7110000.0,Australia
TR-0519,30/09/2026,EUR,14963991.9,652777.78,Australia
TR-0520,30/09/2026,EUR,29312029.53,7222222.22,Europe Windstorm
TR-0521,30/09/2026,USD,131351640.02,12760000.0,Other
TR-0522,30/09/2026,USD,8437200.4,3100000.0,US Gulf Coast
TR-0523,30/09/2026,EUR,29126644.61,9629629.63,Japan
TR-0524,30/09/2026,USD,54159455.74,990000.0,Other
TR-0525,30/09/2026,USD,136738104.15,12760000.0,Other
TR-0526,30/09/2026,EUR,75296045.24,14074074.07,US Gulf Coast
TR-0527,30/09/2026,EUR,77285449.46,13518518.52,Florida
TR-0528,30/09/2026,USD,8906935.23,3700000.0,US Gulf Coast
TR-0529,30/09/2026,USD,452026045.4,81800000.0,Japan
TR-0530,30/09/2026,USD,6596877.72,300000.0,Australia
TR-0531,30/09/2026,EUR,5873157.3,240740.74,Other
TR-0532,30/09/2026,EUR,51831070.22,8796296.3,US Gulf Coast
TR-0533,30/09/2026,USD,156561396.03,21500000.0,Other
TR-0534,30/09/2026,USD,11780785.08,1080000.0,Other
TR-0535,30/09/2026,USD,84100648.93,27200000.0,Florida
TR-0536,30/09/2026,USD,79655411.28,16500000.0,US Gulf Coast
TR-0537,30/09/2026,USD,40613634.72,6800000.0,Other
TR-0538,30/09/2026,USD,296891977.56,62500000.0,Europe Windstorm
TR-0539,30/09/2026,USD,158550206.31,42800000.0,Florida
TR-0540,30/09/2026,USD,86128307.56,18600000.0,Europe Windstorm
TR-0541,30/09/2026,USD,149000548.62,10680000.0,US Gulf Coast
TR-0542,30/09/2026,USD,27391268.59,650000.0,Japan
TR-0543,30/09/2026,USD,33554210.74,9700000.0,Australia
TR-0544,30/09/2026,USD,136764089.24,21320000.0,Other
TR-0545,30/09/2026,EUR,186484393.93,16944444.44,Europe Windstorm
TR-0546,30/09/2026,USD,93671191.23,16300000.0,Other
TR-0547,30/09/2026,EUR,10288101.44,1018518.52,Other
TR-0548,30/09/2026,USD,34939918.28,1080000.0,Europe Windstorm
TR-0549,30/09/2026,USD,17614685.33,875000.0,California
TR-0550,30/09/2026,USD,31883112.72,1185000.0,Europe Windstorm
TR-0551,30/09/2026,EUR,45411807.2,7000000.0,US Gulf Coast
TR-0552,30/09/2026,USD,24000927.78,9900000.0,US Gulf Coast
TR-0553,30/09/2026,USD,84407049.54,8280000.0,Other
TR-0554,30/09/2026,EUR,3355586.9,1203703.7,California
TR-0555,30/09/2026,USD,22248249.49,6000000.0,Florida
TR-0556,30/09/2026,USD,40773389.62,6800000.0,US Gulf Coast
TR-0557,30/09/2026,EUR,25686044.8,601851.85,Other
TR-0558,30/09/2026,USD,18712489.23,1560000.0,Australia
TR-0559,30/09/2026,USD,107760759.01,32900000.0,US Gulf Coast
TR-0560,30/09/2026,INR,4681034019.47,1366666666.67,Japan
TR-0561,30/09/2026,USD,32054981.55,1450000.0,Australia
TR-0562,30/09/2026,USD,25730596.57,2730000.0,Florida
TR-0563,30/09/2026,USD,113526807.41,20700000.0,Florida
TR-0564,30/09/2026,INR,15101490611.67,3508333333.33,US Gulf Coast
TR-0565,30/09/2026,USD,55650988.37,5000000.0,US Gulf Coast
TR-0566,30/09/2026,EUR,54171608.18,22500000.0,Other
TR-0567,30/09/2026,INR,4196335127.41,566666666.67,Europe Windstorm
TR-0568,30/09/2026,INR,4448476360.75,133750000.0,Other
TR-0569,30/09/2026,USD,119273298.18,4050000.0,Other
TR-0570,30/09/2026,INR,10390953703.57,1295833333.33,Other
TR-0571,30/09/2026,USD,9221761.54,3200000.0,Other
TR-0572,30/09/2026,EUR,41127314.05,10277777.78,US Gulf Coast
TR-0573,30/09/2026,USD,194268625.62,32600000.0,California
TR-0574,30/09/2026,EUR,19838974.5,1000000.0,Other
TR-0575,30/09/2026,USD,13429667.68,3200000.0,Japan
TR-0576,30/09/2026,USD,18572526.81,4900000.0,US Gulf Coast
TR-0577,30/09/2026,EUR,204174938.02,6291666.67,US Gulf Coast
TR-0578,30/09/2026,GBP,11327332.06,4566929.13,US Gulf Coast
TR-0579,30/09/2026,USD,45209999.82,3210000.0,Australia
TR-0580,30/09/2026,EUR,73816567.42,23518518.52,Australia
TR-0581,30/09/2026,USD,62242867.33,23100000.0,US Gulf Coast
TR-0582,30/09/2026,EUR,34215159.05,13981481.48,Other
TR-0583,30/09/2026,GBP,16382408.69,6929133.86,US Gulf Coast
TR-0584,30/09/2026,USD,14707747.18,2500000.0,US Gulf Coast
TR-0585,30/09/2026,EUR,13604165.63,1583333.33,Europe Windstorm
TR-0586,30/09/2026,EUR,11664636.73,347222.22,US Gulf Coast
TR-0587,30/09/2026,EUR,55441377.06,9537037.04,US Gulf Coast
TR-0588,30/09/2026,EUR,43725724.32,17314814.81,US Gulf Coast
TR-0589,30/09/2026,EUR,42188437.5,8703703.7,Europe Windstorm
TR-0590,30/09/2026,USD,61582945.35,2440000.0,Florida
TR-0591,30/09/2026,USD,71367769.1,13700000.0,US Gulf Coast
TR-0592,30/09/2026,USD,49178786.52,10200000.0,US Gulf Coast
TR-0593,30/09/2026,USD,151956240.12,7620000.0,US Gulf Coast
TR-0594,30/09/2026,EUR,25793002.35,1740740.74,Other
TR-0595,30/09/2026,EUR,42876070.0,7777777.78,US Gulf Coast
TR-0596,30/09/2026,EUR,61871450.18,1972222.22,California
TR-0597,30/09/2026,USD,42999041.8,19500000.0,California
TR-0598,30/09/2026,USD,39446946.44,16100000.0,Other
TR-0599,30/09/2026,USD,5800329.85,190000.0,Europe Windstorm
TR-0600,30/09/2026,USD,59335953.07,17300000.0,Japan
TR-0601,30/09/2026,EUR,106898588.3,4981481.48,US Gulf Coast
TR-0602,30/09/2026,USD,96457396.81,3840000.0,California
TR-0603,30/09/2026,INR,3537376498.26,1408333333.33,Australia
TR-0604,30/09/2026,EUR,38787623.12,3407407.41,Europe Windstorm
TR-0605,30/09/2026,USD,27384927.59,1750000.0,California
TR-0606,30/09/2026,GBP,29203974.24,1866141.73,Other
TR-0607,30/09/2026,EUR,72284984.85,20370370.37,US Gulf Coast
TR-0608,30/09/2026,USD,19044564.98,2430000.0,Other
TR-0609,30/09/2026,USD,28045699.46,2070000.0,California
TR-0610,30/09/2026,USD,149014890.55,20350000.0,Other
TR-0611,30/09/2026,USD,4595068.76,2200000.0,Japan
TR-0612,30/09/2026,USD,199949763.59,37800000.0,US Gulf Coast
TR-0613,30/09/2026,USD,41504956.13,2370000.0,Other
TR-0614,30/09/2026,USD,6855086.55,1800000.0,Europe Windstorm
TR-0615,30/09/2026,EUR,192568107.4,6592592.59,US Gulf Coast
TR-0616,30/09/2026,EUR,18131790.72,657407.41,Japan
TR-0617,30/09/2026,INR,2606299291.99,147500000.0,US Gulf Coast
TR-0618,30/09/2026,EUR,13468509.39,3796296.3,Europe Windstorm
TR-0619,30/09/2026,USD,18243750.27,2460000.0,Europe Windstorm
TR-0620,30/09/2026,USD,43880851.37,3000000.0,Other
TR-0621,30/09/2026,EUR,90717279.74,8981481.48,Australia
TR-0622,30/09/2026,INR,4380375077.82,287500000.0,Europe Windstorm
TR-0623,30/09/2026,USD,75155012.16,13400000.0,Other
TR-0624,30/09/2026,USD,33694259.56,590000.0,Australia
TR-0625,30/09/2026,EUR,8399620.94,2129629.63,US Gulf Coast
TR-0626,30/09/2026,EUR,45322518.11,9629629.63,Florida
TR-0627,30/09/2026,USD,26458926.94,3060000.0,US Gulf Coast
TR-0628,30/09/2026,EUR,297882082.36,78055555.56,Japan
TR-0629,30/09/2026,USD,30697284.13,5300000.0,Australia
TR-0630,30/09/2026,USD,32940560.57,7000000.0,California
TR-0631,30/09/2026,USD,6825437.34,2700000.0,Other
TR-0632,30/09/2026,USD,27111062.33,5100000.0,Japan
TR-0633,30/09/2026,USD,41920081.0,12700000.0,Europe Windstorm
TR-0634,30/09/2026,USD,40711462.59,8700000.0,California
TR-0635,30/09/2026,EUR,55710912.29,10000000.0,California
TR-0636,30/09/2026,EUR,57098096.63,1430555.56,US Gulf Coast
TR-0637,30/09/2026,USD,13025072.63,2800000.0,Europe Windstorm
TR-0638,30/09/2026,USD,36516780.47,7600000.0,Europe Windstorm
TR-0639,30/09/2026,USD,82262471.81,8960000.0,Europe Windstorm
TR-0640,30/09/2026,EUR,339798740.61,29361111.11,Other
TR-0641,30/09/2026,USD,12759941.97,3050000.0,US Gulf Coast
TR-0642,30/09/2026,EUR,119330176.7,40462962.96,California
TR-0643,30/09/2026,EUR,71018552.06,14537037.04,Japan
TR-0644,30/09/2026,USD,39707989.22,12500000.0,Other
TR-0645,30/09/2026,EUR,23184386.7,8518518.52,California
TR-0646,30/09/2026,EUR,119005696.14,25000000.0,California
TR-0647,30/09/2026,USD,148117402.75,31500000.0,California
TR-0648,30/09/2026,EUR,228754626.02,21296296.3,Australia
TR-0649,30/09/2026,USD,193147285.61,18550000.0,Other
TR-0650,30/09/2026,USD,26286122.68,680000.0,Europe Windstorm
TR-0651,30/09/2026,USD,11893568.17,3900000.0,California
TR-0652,30/09/2026,INR,9763858225.77,2408333333.33,Europe Windstorm
TR-0653,30/09/2026,USD,154057898.33,31100000.0,California
TR-0654,30/09/2026,USD,21901498.95,7200000.0,Other
TR-0655,30/09/2026,EUR,35869813.48,10000000.0,California
TR-0656,30/09/2026,USD,75933962.25,12900000.0,Other
TR-0657,30/09/2026,USD,62885522.7,19600000.0,Japan
TR-0658,30/09/2026,USD,31524499.97,6100000.0,US Gulf Coast
TR-0659,30/09/2026,EUR,19791708.68,6111111.11,Europe Windstorm
TR-0660,30/09/2026,USD,81895655.35,20800000.0,Florida
TR-0661,30/09/2026,EUR,37217157.83,16388888.89,US Gulf Coast
TR-0662,30/09/2026,USD,23947966.18,11700000.0,Japan
TR-0663,30/09/2026,EUR,203859454.88,49351851.85,Other
TR-0664,30/09/2026,USD,86492746.95,25500000.0,Other
TR-0665,30/09/2026,USD,30987074.87,11600000.0,Europe Windstorm
TR-0666,30/09/2026,GBP,54399369.97,12755905.51,Florida
TR-0667,30/09/2026,USD,24002795.91,5000000.0,Florida
TR-0668,30/09/2026,INR,2859404444.17,508333333.33,Europe Windstorm
TR-0669,30/09/2026,USD,27006920.0,5200000.0,Other
TR-0670,30/09/2026,USD,72431991.67,5700000.0,Florida
TR-0671,30/09/2026,USD,64123587.92,12200000.0,Europe Windstorm
TR-0672,30/09/2026,USD,167572086.77,9375000.0,Other
TR-0673,30/09/2026,EUR,47224566.58,13796296.3,US Gulf Coast
TR-0674,30/09/2026,EUR,15146183.3,4259259.26,Other
TR-0675,30/09/2026,USD,40661104.35,14500000.0,Europe Windstorm
TR-0676,30/09/2026,USD,69469494.21,13000000.0,Australia
TR-0677,30/09/2026,USD,43997066.65,4200000.0,Australia
TR-0678,30/09/2026,INR,7907683859.12,1358333333.33,Florida
TR-0679,30/09/2026,USD,34111348.55,1975000.0,Florida
TR-0680,30/09/2026,USD,137269359.25,23700000.0,Other
TR-0681,30/09/2026,USD,51048352.59,15800000.0,Other
TR-0682,30/09/2026,USD,23294557.13,6800000.0,Japan
TR-0683,30/09/2026,USD,21586867.99,5500000.0,California
TR-0684,30/09/2026,USD,63090111.6,21100000.0,Europe Windstorm
TR-0685,30/09/2026,EUR,133748117.83,4069444.44,California
TR-0686,30/09/2026,USD,63044097.15,12900000.0,Florida
TR-0687,30/09/2026,USD,291545951.64,19520000.0,US Gulf Coast
TR-0688,30/09/2026,GBP,39936366.19,7480314.96,Europe Windstorm
TR-0689,30/09/2026,GBP,170186215.59,50000000.0,California
TR-0690,30/09/2026,USD,34205416.55,1500000.0,Australia
TR-0691,30/09/2026,USD,65883827.58,18500000.0,Florida
TR-0692,30/09/2026,EUR,63521046.07,11388888.89,Australia
TR-0693,30/09/2026,USD,21598006.98,1100000.0,Australia
TR-0694,30/09/2026,USD,88163336.85,36000000.0,Other
TR-0695,30/09/2026,EUR,54380113.48,4583333.33,Other
TR-0696,30/09/2026,USD,43603196.18,12000000.0,Australia
TR-0697,30/09/2026,EUR,23732553.03,1125000.0,US Gulf Coast
TR-0698,30/09/2026,USD,13456730.83,720000.0,Europe Windstorm
TR-0699,30/09/2026,USD,160501367.93,27700000.0,Other
TR-0700,30/09/2026,EUR,16882282.51,4814814.81,Europe Windstorm
